-- MariaDB dump 10.17  Distrib 10.4.15-MariaDB, for Linux (x86_64)
--
-- Host: mysql.hostinger.ro    Database: u574849695_24
-- ------------------------------------------------------
-- Server version	10.4.15-MariaDB-cll-lve

/*!40101 SET @OLD_CHARACTER_SET_CLIENT=@@CHARACTER_SET_CLIENT */;
/*!40101 SET @OLD_CHARACTER_SET_RESULTS=@@CHARACTER_SET_RESULTS */;
/*!40101 SET @OLD_COLLATION_CONNECTION=@@COLLATION_CONNECTION */;
/*!40101 SET NAMES utf8mb4 */;
/*!40103 SET @OLD_TIME_ZONE=@@TIME_ZONE */;
/*!40103 SET TIME_ZONE='+00:00' */;
/*!40014 SET @OLD_UNIQUE_CHECKS=@@UNIQUE_CHECKS, UNIQUE_CHECKS=0 */;
/*!40014 SET @OLD_FOREIGN_KEY_CHECKS=@@FOREIGN_KEY_CHECKS, FOREIGN_KEY_CHECKS=0 */;
/*!40101 SET @OLD_SQL_MODE=@@SQL_MODE, SQL_MODE='NO_AUTO_VALUE_ON_ZERO' */;
/*!40111 SET @OLD_SQL_NOTES=@@SQL_NOTES, SQL_NOTES=0 */;

--
-- Table structure for table `client_profile`
--

DROP TABLE IF EXISTS `client_profile`;
/*!40101 SET @saved_cs_client     = @@character_set_client */;
/*!40101 SET character_set_client = utf8 */;
CREATE TABLE `client_profile` (
  `users_id_account` int(10) unsigned NOT NULL AUTO_INCREMENT,
  `firstname` varchar(150) NOT NULL,
  `lastname` varchar(150) NOT NULL,
  `passport` bigint(20) NOT NULL,
  `gender` enum('m','f') DEFAULT NULL,
  `birthday` date NOT NULL,
  `address` varchar(250) NOT NULL,
  `created_at` datetime NOT NULL DEFAULT current_timestamp(),
  `photo` blob DEFAULT NULL,
  PRIMARY KEY (`users_id_account`),
  UNIQUE KEY `passport_UNIQUE` (`passport`),
  KEY `fk_client_profile_users_idx` (`users_id_account`),
  CONSTRAINT `fk_client_profile_users` FOREIGN KEY (`users_id_account`) REFERENCES `users` (`id_account`)
) ENGINE=InnoDB AUTO_INCREMENT=101 DEFAULT CHARSET=utf8;
/*!40101 SET character_set_client = @saved_cs_client */;

--
-- Dumping data for table `client_profile`
--

LOCK TABLES `client_profile` WRITE;
/*!40000 ALTER TABLE `client_profile` DISABLE KEYS */;
INSERT INTO `client_profile` VALUES (1,'Chasity','Schinner',527609843,'m','2015-06-26','3948 Bosco Burgs Suite 127\nMicahview, OH 99307','2005-02-15 10:43:41',''),(2,'Raven','Rutherford',3222337704,'f','1991-02-27','1635 Gregg Court\nAlexamouth, NV 83590-5994','1970-07-17 19:50:09',''),(3,'Janet','Bergnaum',8565006197,'f','2002-03-12','3672 Quigley Mountains Suite 299\nKassulkebury, OH 80523-2687','2007-08-26 12:45:40',''),(4,'Evans','Schaefer',7565939786,'m','1998-11-30','9911 Vita Centers Apt. 533\nAdalbertotown, NJ 06126-9764','2004-01-25 13:52:24',''),(5,'Naomie','Barrows',3879389987,'m','2010-02-27','76762 Annabelle Lodge\nWelchport, IA 30522','1993-12-07 10:46:42',''),(6,'Olin','McClure',3344885487,'f','1977-12-07','1194 Russell Row Suite 128\nNorth Darryl, MS 96785','2004-09-22 08:32:11',''),(7,'Furman','Lindgren',2662568796,'m','1982-04-08','298 Kay Mountain Apt. 921\nHauckshire, VT 09725-6976','2015-04-20 15:10:09','http://lorempixel.com/640/480/'),(8,'Deangelo','Gerlach',4803125434,'f','1970-08-29','2001 Hills Port Apt. 067\nTevinfurt, GA 50209','1989-03-03 14:20:10','http://lorempixel.com/640/480/'),(9,'Barrett','Bode',8570911628,'m','2010-04-03','77678 Brekke Camp Suite 553\nSouth Cleomouth, MI 70769-4217','2016-05-24 10:59:34','http://lorempixel.com/640/480/'),(10,'Linda','Kirlin',4480317531,'f','2021-01-22','478 Rashawn Lodge\nJesseport, CO 06338','2006-12-26 18:02:03',''),(11,'Ayana','Jaskolski',2534070150,'f','1976-12-26','7545 Olson Island Suite 903\nSouth Adrainport, WA 34155','1975-03-11 18:07:18',''),(12,'Madie','Waters',9752413416,'f','1988-10-27','2595 Ebert Unions Apt. 977\nNorth Eddie, MS 88065','2020-12-03 09:35:26',''),(13,'Terry','Klein',7742560306,'f','1983-11-30','6864 Paucek Crescent\nSpencerport, NJ 69501-5809','1972-10-30 06:07:33','http://lorempixel.com/640/480/'),(14,'Osvaldo','Gleichner',8215323671,'f','2003-11-17','9533 Beau Roads Suite 847\nQuigleyfurt, NH 68198','1975-09-01 09:39:55',''),(15,'Charity','Schultz',9010944958,'f','2001-11-03','01843 Nyah Mission Suite 593\nWest Earlene, OK 79620-7294','2004-11-03 23:36:23','http://lorempixel.com/640/480/'),(16,'Telly','Ryan',5706277061,'m','2000-01-08','25499 Parisian Hill Suite 186\nPaoloside, OH 47971','2004-12-13 03:45:30','http://lorempixel.com/640/480/'),(17,'Lurline','Little',7533329102,'m','2011-08-19','235 Will Ferry Suite 273\nNew Aronland, DC 64464-8047','1985-06-29 17:26:21','http://lorempixel.com/640/480/'),(18,'Tracy','Rath',4965499265,'m','2012-11-13','295 Dooley Passage\nEast Vern, NV 88303','2019-08-06 00:05:23','http://lorempixel.com/640/480/'),(19,'Gregory','Abbott',9459668574,'f','1983-07-13','171 Rosie Village\nZoraside, IN 72667','1990-01-24 00:51:49',''),(20,'Garth','O\'Keefe',2129888574,'f','2004-02-02','44266 Julie Islands\nWatsicaton, CO 55262-1665','2010-10-10 21:09:14','http://lorempixel.com/640/480/'),(21,'Katarina','Gerhold',7970557525,'m','2003-09-01','736 Megane Cliffs\nEstherton, MN 09127','1970-12-29 13:51:42','http://lorempixel.com/640/480/'),(22,'Adriana','Kub',4416586514,'m','1994-02-28','47689 Doyle Courts Apt. 500\nOttiliefurt, TX 79419','2007-07-14 11:31:51','http://lorempixel.com/640/480/'),(23,'Lavada','Rath',3588407503,'m','1991-05-07','35238 Stokes Falls Suite 870\nEast Clifford, HI 48077','1977-02-03 23:58:32','http://lorempixel.com/640/480/'),(24,'Leonor','Nitzsche',6927156011,'m','2006-09-13','47884 Hobart Meadows Suite 351\nNew Tyshawnmouth, ND 55397','1985-09-06 12:46:39',''),(25,'Jackie','Powlowski',7326779222,'m','1970-12-09','26164 Isadore Square\nHenrietteburgh, RI 07167-6578','2015-12-12 04:45:48','http://lorempixel.com/640/480/'),(26,'Abel','Mitchell',4155560721,'m','2011-02-28','30788 Wilderman View\nGeraldberg, CA 05885','2006-08-11 11:00:07','http://lorempixel.com/640/480/'),(27,'Eddie','Tromp',3216559576,'m','1986-02-11','76679 Brown Trail\nAuermouth, MD 87751-4925','2011-10-19 05:47:13','http://lorempixel.com/640/480/'),(28,'Jerrold','Crooks',1599655464,'f','2005-08-28','2951 Nelda Crossing Suite 130\nMayermouth, KS 59719','2014-02-10 05:40:40',''),(29,'Gerhard','Ortiz',7198996241,'m','1972-11-23','381 Margret Ways Suite 213\nRoweview, CT 36181-3953','1980-12-07 11:58:54',''),(30,'Marlon','Langosh',5823128775,'f','1974-01-21','120 Leslie Street Apt. 195\nNew Charleyfurt, MA 06837','1982-04-27 20:31:30','http://lorempixel.com/640/480/'),(31,'Claud','Hansen',3301313643,'m','2000-11-28','028 Joyce Street Suite 501\nSouth Hans, IL 37433-8610','2011-05-17 04:04:11','http://lorempixel.com/640/480/'),(32,'Rosella','Adams',9132136846,'m','1995-05-17','511 Magdalen Pass\nBinston, MS 46220-7315','2018-11-19 03:41:55',''),(33,'Irma','Jast',3391639758,'m','1991-05-14','316 Osvaldo Key\nJohathanburgh, MS 92890-6443','1971-12-01 03:14:38','http://lorempixel.com/640/480/'),(34,'Myrna','Mraz',8302801148,'m','1985-08-13','28618 Kshlerin Estates Apt. 714\nLilyfort, ID 58025-3346','1988-11-09 01:45:12','http://lorempixel.com/640/480/'),(35,'Melvina','Conn',2076774418,'f','2000-02-25','677 Katlyn Port Apt. 375\nDickinsonville, AK 64501','2013-03-13 03:16:01','http://lorempixel.com/640/480/'),(36,'Jose','Moen',6536241676,'f','1970-03-13','1075 Balistreri River\nNorth Johnnie, MD 19178','1978-07-24 08:03:57','http://lorempixel.com/640/480/'),(37,'Glennie','Dach',8518508670,'m','1987-09-11','9502 Helene Pine Suite 617\nHagenesberg, SD 80951','1973-08-13 00:59:18',''),(38,'Kathryn','Yost',8196245417,'m','2014-10-03','4136 Thiel Points Suite 019\nSanfordmouth, ID 57334-2697','1999-11-19 23:47:07','http://lorempixel.com/640/480/'),(39,'Brandyn','Hintz',1602544395,'f','2015-10-16','283 Hagenes Villages\nSouth Burley, WV 04187-1972','2020-01-19 03:44:11',''),(40,'Magnus','Hackett',6258648467,'f','1974-04-03','8566 Taurean Prairie Apt. 221\nNorvalfurt, GA 43115-3873','1971-04-17 02:01:33',''),(41,'Cathy','Hilll',8007216421,'f','2008-03-14','547 Marks Drive Suite 853\nEast Angelina, VT 83852','1988-10-26 00:44:53',''),(42,'Emerald','Mante',5204858788,'f','1986-11-26','2667 Green Prairie\nPort Merl, AR 07875-6828','1975-10-11 11:31:56',''),(43,'Vada','Leuschke',7216156112,'m','2009-11-19','3530 Kylee Village Suite 466\nEast Brielle, MD 90501-2747','1991-11-12 11:24:40','http://lorempixel.com/640/480/'),(44,'Enrico','Powlowski',4673061509,'f','2006-06-16','2337 Bette River\nFeeneyborough, LA 16168','2002-06-22 08:12:46',''),(45,'Sally','Walter',4235662900,'m','2009-01-02','27408 Gleichner Mills\nLake Damianberg, WI 98056','2002-01-07 12:37:16','http://lorempixel.com/640/480/'),(46,'Jeramie','Collins',8154869389,'f','2016-04-12','3374 Langosh Stream Suite 604\nLake Keith, SC 56735','1978-01-15 23:57:52','http://lorempixel.com/640/480/'),(47,'Caitlyn','Kihn',5899918316,'m','2001-10-21','0046 Lamont Station Suite 990\nLake Adam, PA 39798','1988-06-11 17:40:48','http://lorempixel.com/640/480/'),(48,'Madelyn','Boehm',2756248708,'m','2015-01-02','8569 Alford Extension Suite 431\nTillmanview, MO 47414-4603','1983-06-22 11:43:40','http://lorempixel.com/640/480/'),(49,'Amelia','Powlowski',8293424333,'m','2020-10-29','910 Reynolds Place\nLeiffort, MT 38632','1975-06-06 00:03:34',''),(50,'Lydia','Botsford',4416233757,'m','1985-04-17','350 Bartoletti Forks\nHegmannfort, CA 88606-8343','1987-09-24 12:32:51','http://lorempixel.com/640/480/'),(51,'Leonardo','Harvey',6449838306,'f','2015-11-13','9586 Vito Walk\nJanetshire, MS 96861-5184','2002-12-06 19:46:23','http://lorempixel.com/640/480/'),(52,'Heber','Hodkiewicz',4268147268,'m','1994-12-16','7967 Thompson Oval Apt. 244\nLake Brionna, IA 81278','1991-07-06 14:33:30','http://lorempixel.com/640/480/'),(53,'Novella','Daniel',992239990,'f','1985-04-08','213 Providenci Well\nNorth Della, LA 35390-3980','1998-03-27 12:50:42',''),(54,'Nikita','Gaylord',5411453247,'m','2002-10-09','20209 Keeley Lights\nSouth Jennings, WV 19960','1979-12-01 03:34:20',''),(55,'Daryl','Metz',9838910541,'f','1997-10-21','086 Alfonzo Manor Apt. 247\nKayceeburgh, MD 18465-2038','1986-02-26 13:47:07','http://lorempixel.com/640/480/'),(56,'Clinton','Turner',6671387569,'m','1985-09-28','98862 Remington Oval\nWest Raheem, OR 97704','2004-11-01 05:32:07',''),(57,'Mia','Johns',7054866404,'m','1978-07-22','20991 Lehner Plaza\nPort Rigoberto, CO 50406-0036','1977-03-05 16:12:57',''),(58,'Ashleigh','Trantow',2609294761,'m','1997-02-21','185 Lakin Squares\nSouth Geo, OH 66528','2008-12-19 21:24:37',''),(59,'Genesis','Kuhlman',6607488588,'m','2005-06-18','957 Alan Mountain\nLake Emmalee, LA 38507','1988-02-29 03:38:27',''),(60,'Fritz','Parker',4980591388,'f','2020-02-12','067 Shanel Knoll\nWardfort, TN 39694','1995-09-17 00:50:42','http://lorempixel.com/640/480/'),(61,'Tate','Abbott',5663779609,'m','2020-01-31','952 Runte Stravenue Suite 203\nNorth Willardberg, MO 94056-5317','1971-08-07 11:56:38',''),(62,'Jany','Howe',8626900393,'m','2002-12-04','216 Howell Trail\nSouth Jasen, FL 14949-6767','1990-10-24 11:48:38',''),(63,'Anna','VonRueden',1163243283,'m','2006-07-14','2421 Sandy Valley\nGleasonborough, NY 49948','1974-07-29 01:00:43','http://lorempixel.com/640/480/'),(64,'Otilia','Bruen',6239956593,'m','1978-04-17','4084 Botsford Light\nWest Bradfordton, MD 54539-9143','1972-07-01 02:35:31',''),(65,'Delaney','Huels',4840585163,'f','1976-01-28','2471 Boehm Port\nLubowitzborough, FL 77488','2018-10-09 03:50:22','http://lorempixel.com/640/480/'),(66,'Antonette','Schimmel',8485972989,'f','2011-12-08','01146 Pierce Expressway Suite 459\nDarrenside, AL 30745-7815','1989-11-27 00:54:12',''),(67,'Camron','Turner',4365472479,'f','2005-07-17','79765 Gloria Villages\nBoyerhaven, MS 38851-2010','1994-01-12 13:05:47','http://lorempixel.com/640/480/'),(68,'Elna','Nienow',5550686487,'m','2017-12-25','0938 Cale Motorway Apt. 901\nEast Curtis, IL 88511','2008-09-28 22:09:24',''),(69,'Cleta','Rippin',2791597373,'m','2009-07-03','0500 Lynn Tunnel\nNew Jamar, ME 68103-9997','1996-06-05 17:28:29',''),(70,'Amalia','Turner',783882103,'m','2018-05-19','3802 Emmerich Shores Suite 255\nAsiatown, GA 04425-4693','2011-08-13 09:38:16','http://lorempixel.com/640/480/'),(71,'Bette','Berge',4625225664,'f','1992-07-14','3490 Mueller Islands\nSouth Edgartown, VT 14397-0947','1984-02-10 18:09:35','http://lorempixel.com/640/480/'),(72,'Eugene','Towne',5063920422,'m','1970-09-12','7730 Karelle Plaza\nSouth Rashawn, IL 19176-8587','1974-09-03 11:20:55',''),(73,'Stewart','Hessel',9571726919,'f','2004-02-13','2186 Anthony Fords\nZemlakchester, DE 10517-5576','1984-03-12 14:36:59',''),(74,'Alanis','Gottlieb',3685069160,'m','2012-07-06','84101 Noble Mountains Suite 466\nSouth Athena, KY 56272-2484','1992-06-22 03:56:13','http://lorempixel.com/640/480/'),(75,'Benny','Hoppe',4736952782,'m','1998-04-27','052 Mireya Gateway\nBabyborough, IA 39977-9138','1974-02-16 04:52:44',''),(76,'Alvis','Cummings',1331703913,'f','1999-02-05','18161 Lesch Hollow\nHilllburgh, DC 63464-5434','1999-01-31 09:47:33','http://lorempixel.com/640/480/'),(77,'Mafalda','Blick',4598170714,'m','1975-01-04','8734 Ben Shores Suite 282\nLuciousside, SC 09238','1974-01-19 18:13:54','http://lorempixel.com/640/480/'),(78,'Angelina','Oberbrunner',9951980177,'m','1982-12-21','91295 McDermott Alley Apt. 895\nKareembury, AZ 99164','1984-10-05 02:59:22','http://lorempixel.com/640/480/'),(79,'Hugh','Howe',8401916595,'f','2011-09-28','867 Stiedemann Mountain Apt. 295\nEast Wendell, MS 05702','2018-11-23 04:05:19',''),(80,'Hermina','Hessel',9881516120,'m','1991-08-18','22718 Camren Street Suite 072\nPurdymouth, NV 04579-6001','1975-02-27 06:57:31','http://lorempixel.com/640/480/'),(81,'Tiara','Strosin',6762572615,'m','1985-03-04','880 Bernhard Valley Apt. 305\nJamisonhaven, RI 07637','2020-12-12 18:27:55',''),(82,'Beryl','Hamill',1865781331,'f','2019-05-25','58792 Bogan Divide Suite 331\nShannystad, CT 76672','2004-11-12 06:50:54','http://lorempixel.com/640/480/'),(83,'Cale','Bosco',5484888128,'f','1978-08-20','681 O\'Conner Station\nBlairtown, IL 20312-5412','2004-08-29 04:28:01',''),(84,'Fredy','Hegmann',4410238195,'m','2019-08-07','32523 Dorothea Parks\nNorth Rodger, GA 21539-5192','1988-03-25 17:02:02',''),(85,'Dallas','Jast',5474195195,'f','1993-07-16','2425 Rickey Alley\nNorth Caramouth, VA 12330-9198','1996-04-21 00:26:19','http://lorempixel.com/640/480/'),(86,'Maiya','Schimmel',2239508957,'f','1987-12-06','07953 Carlos Stream\nNorth Karleyville, KY 09560-1774','2018-08-23 00:58:53',''),(87,'Gwendolyn','Zemlak',7428329676,'m','1996-04-12','310 Wellington Mountain Suite 051\nBechtelarborough, OR 19718','2010-11-30 18:08:02','http://lorempixel.com/640/480/'),(88,'Kade','Denesik',300046644,'f','1988-03-22','83959 Sauer Expressway Apt. 842\nJuddfurt, NJ 57564-4897','2019-04-06 22:59:15',''),(89,'Caitlyn','Huels',6728793438,'f','2015-11-19','7045 Bode Villages Suite 815\nNorth Modestashire, MT 80876','2010-09-22 00:58:55',''),(90,'Mariam','Turcotte',4884728355,'m','2001-09-30','52731 Zulauf Freeway\nWaltonside, FL 53200','2010-07-13 08:26:26','http://lorempixel.com/640/480/'),(91,'Maida','Beatty',4736192556,'f','2018-07-24','3395 Marks Cape\nLake Salma, WV 13166-8012','1972-12-13 06:50:24','http://lorempixel.com/640/480/'),(92,'Dillan','Leuschke',7180641438,'f','2009-10-07','919 Shea Shores Suite 716\nEast Aryannaport, NV 18887-3537','2012-08-30 14:45:05','http://lorempixel.com/640/480/'),(93,'Gregory','Abshire',1899348641,'m','2016-12-07','9024 Hoppe Haven\nLemkemouth, DC 07219-1318','1977-10-07 03:57:32',''),(94,'Ignacio','Ernser',4270456373,'f','1987-06-07','4941 Alec Extensions Apt. 431\nEbonystad, MN 64592-0420','1973-03-09 10:07:28','http://lorempixel.com/640/480/'),(95,'Archibald','Abbott',5500270116,'m','1998-02-23','561 Jillian Mission Apt. 168\nPort Xzavier, IL 86153','2020-06-20 02:18:50',''),(96,'Olen','Thompson',2805342683,'f','1978-09-17','9177 Elza Pass Suite 399\nLarkinchester, KY 30567-0243','2007-02-11 10:16:55','http://lorempixel.com/640/480/'),(97,'Amir','Schuster',7794976290,'m','1984-10-18','1941 Spencer Plains Suite 465\nReillyfurt, KY 90690-1428','1999-04-09 08:23:56',''),(98,'Juvenal','Okuneva',2743694071,'m','1981-01-16','19009 Mack Highway\nRohanchester, MD 43304-5879','1990-12-13 16:56:12',''),(99,'Kenna','Jaskolski',1778715771,'m','2012-05-02','8780 Wolf Underpass\nJacobsonmouth, IL 10289-5751','2013-12-19 08:50:36',''),(100,'Ludwig','Wilkinson',8109714186,'f','2002-12-26','9701 Keenan Harbors Suite 631\nLake Kailee, KY 27632','1970-05-25 14:34:34','');
/*!40000 ALTER TABLE `client_profile` ENABLE KEYS */;
UNLOCK TABLES;

--
-- Table structure for table `company`
--

DROP TABLE IF EXISTS `company`;
/*!40101 SET @saved_cs_client     = @@character_set_client */;
/*!40101 SET character_set_client = utf8 */;
CREATE TABLE `company` (
  `id` int(11) NOT NULL AUTO_INCREMENT,
  `name` varchar(200) NOT NULL,
  `order` decimal(17,2) NOT NULL,
  `address` varchar(200) NOT NULL,
  PRIMARY KEY (`id`)
) ENGINE=InnoDB AUTO_INCREMENT=51 DEFAULT CHARSET=utf8;
/*!40101 SET character_set_client = @saved_cs_client */;

--
-- Dumping data for table `company`
--

LOCK TABLES `company` WRITE;
/*!40000 ALTER TABLE `company` DISABLE KEYS */;
INSERT INTO `company` VALUES (1,'Team-oriented actuating systemengine',20346033.89,'4308 Nestor Ramp\nTyraview, HI 42073'),(2,'Decentralized web-enabled knowledgeuser',24434.87,'81429 Parker Club Suite 890\nJanstad, HI 56796'),(3,'Inverse attitude-oriented database',37762.41,'104 Carroll Junctions Suite 839\nSouth Freddieborough, KY 62324-4588'),(4,'Team-oriented cohesive securedline',142104.96,'39765 Ankunding Station Apt. 338\nHillardland, IN 98679'),(5,'Multi-tiered 24/7 artificialintelligence',932710.82,'299 Leilani Ferry\nMyrticebury, TN 54513-6197'),(6,'Profit-focused human-resource challenge',242014819.58,'0661 Gunner Inlet\nEast Gardnerview, KY 83471'),(7,'Managed grid-enabled instructionset',46991.86,'51049 Legros Mountain Suite 756\nGradyhaven, NH 47214-4351'),(8,'Inverse client-server processimprovement',930016.38,'9804 Thompson Summit Suite 783\nNorth Ashley, ME 91525-6575'),(9,'Upgradable multimedia array',157806.63,'770 Caroline Island\nNorth Verlamouth, CT 25395'),(10,'Seamless client-driven GraphicInterface',7599965.73,'72029 DuBuque Falls\nWest Albinhaven, NH 56358'),(11,'Configurable real-time access',838831.27,'2899 Jaskolski Alley Suite 977\nSouth Kameron, MT 13945'),(12,'Universal optimal knowledgebase',880881.34,'327 McClure Point\nSouth Liliane, MN 62396'),(13,'Reduced intangible encryption',68404325.78,'9814 Yasmine Alley Suite 766\nAbigailton, ME 54674-7247'),(14,'Horizontal full-range archive',3569507.11,'7197 Davis Radial Apt. 082\nWaltermouth, DC 89677'),(15,'Reverse-engineered grid-enabled flexibility',2426401.79,'62535 Barry Run\nMadelynfurt, VT 89192'),(16,'Organized motivating neural-net',460355.86,'0522 Hoppe Harbors Suite 342\nNew Brennan, ME 47171'),(17,'Upgradable upward-trending moratorium',783005.31,'6289 Ashtyn Shoals\nStreichshire, SC 07989-1017'),(18,'Facetoface 24/7 architecture',266375.51,'1518 Russel Common Apt. 731\nPort Jaclyn, NM 40315'),(19,'Advanced contextually-based superstructure',15730870.69,'896 Glover Inlet Suite 865\nPort Gabe, MD 74537'),(20,'Distributed global parallelism',954267.56,'19638 Rosina Overpass Suite 510\nNorth Alfred, GA 80071'),(21,'Optimized didactic neural-net',16365460.74,'57723 Lehner Falls\nArichaven, MS 14618-9715'),(22,'Self-enabling human-resource superstructure',683356.32,'8258 Wendell Highway\nLaynetown, TX 91587-0791'),(23,'Profit-focused needs-based algorithm',516698.73,'2791 Pagac Turnpike\nNew Antonio, HI 51407-3933'),(24,'Right-sized fault-tolerant service-desk',384457.75,'448 Orion Squares Suite 985\nRosenbaumbury, HI 70221-9574'),(25,'Assimilated user-facing productivity',343116675.60,'38658 Hershel Grove Suite 714\nTerryport, CA 10612-6860'),(26,'Profit-focused optimal opensystem',768532.95,'005 Waelchi Gateway Apt. 624\nPort Marian, AL 50120'),(27,'Future-proofed executive processimprovement',32016.20,'33391 Lesch Square Suite 417\nPort Roelton, SC 84455-2198'),(28,'Open-source modular neural-net',2079436.64,'6056 Paucek Valleys\nBernieceport, TN 59287-0982'),(29,'Open-architected bifurcated adapter',130311.41,'8732 Harvey Squares Apt. 917\nHowellport, CA 47263'),(30,'Function-based attitude-oriented monitoring',971114.68,'14508 Metz Unions\nSouth Skylarfort, VT 95138'),(31,'Optional fault-tolerant archive',386751.29,'7237 Anjali Bridge\nStantonmouth, FL 39408-8564'),(32,'User-centric mobile focusgroup',49768.64,'4447 Casey Courts Suite 329\nMaggioberg, WV 37880-3603'),(33,'Multi-layered intangible extranet',200675864.37,'275 Waters Falls Apt. 108\nWest Esther, PA 82755'),(34,'Open-architected 3rdgeneration instructionset',894641.47,'65601 Nitzsche Springs\nBiankamouth, ID 39649-7804'),(35,'Polarised non-volatile archive',548425.50,'26273 Sanford Square Apt. 591\nLorainefurt, LA 55280-1349'),(36,'Cross-platform content-based strategy',154976539.83,'2561 Kihn Glens\nStarkburgh, ME 62248-4375'),(37,'Optimized secondary budgetarymanagement',705614.17,'544 Doyle Rapids Apt. 629\nWest Deangelo, UT 09302-8600'),(38,'Up-sized uniform conglomeration',366343934.10,'75866 Hagenes Meadows\nLexiehaven, NY 03844'),(39,'Fully-configurable value-added application',326653.69,'561 Carol Valleys Apt. 619\nAntoniofurt, ID 36602'),(40,'Enhanced local artificialintelligence',941045.53,'84668 Ellen Orchard\nNew Christianburgh, RI 59229'),(41,'Facetoface real-time monitoring',194100.70,'4863 Celia Expressway Apt. 243\nNorth Kendra, CT 32963'),(42,'Configurable radical monitoring',937706.07,'69262 Marcelino Estates Apt. 630\nBoscohaven, LA 42883-2446'),(43,'Compatible foreground firmware',1411066.39,'8000 Lera Crossing\nSouth Patsy, MT 65821'),(44,'Streamlined maximized superstructure',544501.25,'30423 Heaney Bridge\nWest Richie, HI 79206-7013'),(45,'Open-architected nextgeneration functionalities',37742385.75,'1095 Ocie Springs\nSmithamstad, KS 58416'),(46,'Advanced assymetric openarchitecture',994980.06,'89057 Zieme Green Apt. 264\nNorth Abrahammouth, TX 08716-3683'),(47,'Multi-lateral bi-directional pricingstructure',24673861.27,'83896 Anya Port\nPort Clementine, NE 77602'),(48,'Total multi-state project',200639.15,'4226 Ramona Plaza\nSouth Eloyhaven, MS 01936-8467'),(49,'Front-line object-oriented hub',931095.90,'2524 Gutmann Plains\nSouth Elinoreport, MD 50041-5778'),(50,'Synergistic context-sensitive model',96252689.64,'694 Forest Mission Suite 211\nNorth Maxwell, IA 92973');
/*!40000 ALTER TABLE `company` ENABLE KEYS */;
UNLOCK TABLES;

--
-- Table structure for table `drive`
--

DROP TABLE IF EXISTS `drive`;
/*!40101 SET @saved_cs_client     = @@character_set_client */;
/*!40101 SET character_set_client = utf8 */;
CREATE TABLE `drive` (
  `id` int(11) NOT NULL AUTO_INCREMENT,
  `users_id_account` int(10) unsigned NOT NULL,
  `route` varchar(150) NOT NULL COMMENT 'маршрут движения (работа - дом, дом - магазин, и т.д.)',
  `distance` float NOT NULL COMMENT 'расстояние, км',
  `date_drive` datetime NOT NULL DEFAULT current_timestamp(),
  `cost` decimal(10,2) DEFAULT NULL,
  `company_id` int(11) NOT NULL,
  PRIMARY KEY (`id`),
  KEY `fk_drive_users1_idx` (`users_id_account`),
  KEY `fk_drive_company1_idx` (`company_id`),
  CONSTRAINT `fk_drive_company1` FOREIGN KEY (`company_id`) REFERENCES `company` (`id`),
  CONSTRAINT `fk_drive_users1` FOREIGN KEY (`users_id_account`) REFERENCES `users` (`id_account`)
) ENGINE=InnoDB AUTO_INCREMENT=1351 DEFAULT CHARSET=utf8;
/*!40101 SET character_set_client = @saved_cs_client */;

--
-- Dumping data for table `drive`
--

LOCK TABLES `drive` WRITE;
/*!40000 ALTER TABLE `drive` DISABLE KEYS */;
INSERT INTO `drive` VALUES (1201,67,'17608 Alaina Mount',19514.4,'1999-06-17 01:38:21',69.27,27),(1202,58,'1316 Ratke Shoal Suite 216',94.8706,'1970-06-15 17:06:46',43.62,15),(1203,63,'055 Rempel Dam Apt. 505',4708680,'1999-06-03 03:49:19',284.71,47),(1204,2,'228 Jennyfer Divide',166.545,'1998-02-06 21:01:03',530.59,5),(1205,55,'35472 Kaleb Rue Apt. 361',19435900,'1987-03-16 14:10:40',11023.30,23),(1206,93,'45151 Prosacco Corners',771.55,'1982-12-15 23:32:42',710543.51,25),(1207,63,'5836 Steuber Causeway',171114,'1998-01-06 00:36:57',41.48,10),(1208,37,'58613 Concepcion Stream Suite 103',10488.1,'2019-09-11 08:18:42',234497.46,32),(1209,97,'522 Murazik Burg Suite 864',1284040,'1974-08-24 03:12:30',92.19,32),(1210,65,'908 Ericka Rapid',1.52912,'1976-11-20 04:54:37',15.04,19),(1211,98,'5586 Modesta Forge Suite 866',26187600,'2016-02-20 07:12:34',313589.29,44),(1212,35,'683 Rodriguez Track',16424800,'1995-11-06 01:09:45',22344.69,4),(1213,39,'2926 Mosciski Curve Apt. 496',12560000,'1991-01-22 05:13:38',5481493.62,17),(1214,36,'776 Zboncak Extension',56100.8,'1993-02-13 14:56:07',28927.67,49),(1215,8,'6677 Lubowitz Crescent Suite 250',1.22275,'2008-02-09 03:16:45',1272556.92,9),(1216,100,'838 Estella Key Apt. 016',0.358109,'2006-09-20 20:10:16',59351635.87,38),(1217,70,'0844 Gerlach Pines',26.1366,'1973-11-17 16:02:13',815.00,29),(1218,3,'712 Zachariah Fort',473172000,'1995-10-03 14:50:13',4347.16,16),(1219,50,'2427 Pacocha Loop Suite 329',168.892,'1990-09-19 20:53:39',162926.46,3),(1220,41,'8749 Kertzmann Lock',600571,'1981-09-11 02:19:59',31491.47,2),(1221,51,'61268 Lela Green Suite 167',232.327,'2009-05-06 07:30:53',86.13,17),(1222,54,'73881 Lavada Ridges',27.8307,'1996-11-04 22:49:01',102.66,7),(1223,51,'80109 Schamberger Drive Suite 380',1102.36,'1980-02-07 11:37:38',99.24,46),(1224,76,'0764 Wilkinson Forest',2.08458,'2010-04-16 01:40:51',90.25,24),(1225,53,'971 VonRueden Route Apt. 041',3.24036,'1995-11-03 14:44:00',20.99,20),(1226,85,'809 Effertz Land Apt. 263',9968.43,'2001-05-02 18:34:50',486893.58,25),(1227,28,'622 Turcotte Throughway Suite 935',10.4512,'2001-08-10 07:55:22',298460.52,10),(1228,57,'41381 Norwood Falls',255.916,'1973-12-31 04:58:34',104.80,34),(1229,52,'7810 Jones Lane Suite 010',4.33587,'1974-12-25 13:24:25',795504.52,46),(1230,64,'075 Schuster Spur Apt. 291',61290900,'2006-05-06 23:50:41',31549.85,30),(1231,9,'1672 Hauck Gardens Suite 026',0.166887,'1971-11-05 01:27:59',3661.62,32),(1232,34,'15084 Jailyn Hollow',6077940,'2007-07-22 20:21:33',110.13,39),(1233,21,'95325 Monahan Ridges',579.716,'1977-04-10 08:08:34',2960.34,19),(1234,10,'79128 Crist Brook Suite 132',60.7055,'2010-05-09 00:41:48',3024.03,35),(1235,41,'218 Labadie Crest',2573470,'1985-03-01 10:09:14',24759566.08,25),(1236,74,'47893 Hayes Brooks',642741,'1998-12-07 10:42:59',244.08,46),(1237,83,'18988 Hank Spurs',0.368413,'1987-01-16 11:16:35',63.88,14),(1238,4,'362 Nella Estate Suite 805',9767.96,'1979-03-17 08:24:19',562941.31,17),(1239,18,'984 Kiehn Rapids',0.776545,'2015-04-02 00:48:27',18.11,40),(1240,81,'3044 Boyd Row Apt. 054',0.0739335,'1982-10-15 12:36:20',34287.84,35),(1241,19,'65121 Weissnat Track',24511.7,'2010-05-15 08:30:16',2951.07,33),(1242,20,'5241 Waters Brooks Apt. 784',3.15738,'2006-08-30 23:26:20',382.76,24),(1243,84,'531 Keenan Garden Suite 509',644.066,'1989-12-22 20:05:06',99999999.99,39),(1244,13,'47168 Rowena Port Suite 494',0.414804,'1982-11-20 01:34:24',7593206.44,18),(1245,68,'2282 Lesch Harbors Suite 227',3.86251,'2020-05-03 10:52:39',73310.39,39),(1246,95,'234 Courtney Ramp',203.702,'2001-05-03 04:48:12',30.16,38),(1247,40,'1299 Fadel Mill',9200.42,'2003-05-23 07:10:07',580187.94,14),(1248,54,'83828 Eliezer Glens Suite 318',46367.5,'1978-10-02 13:16:21',9183935.51,30),(1249,64,'36086 Elmo Walks',3149.75,'2013-02-23 07:34:48',1022.54,32),(1250,29,'37898 Gust Villages',2.97055,'1982-06-04 00:27:52',534230.35,3),(1251,13,'93138 Mann Mission Apt. 380',10.5297,'1971-02-09 21:43:26',234.17,2),(1252,95,'293 Nina Estates Suite 185',25.9222,'2019-02-07 23:07:33',840.28,48),(1253,30,'37734 Anita Cove',19353000,'2012-10-06 13:47:44',1.64,49),(1254,28,'11086 Keshaun Island',601318000,'2020-11-28 22:43:41',7.12,24),(1255,77,'18456 America Light Suite 003',15.6145,'2008-12-11 21:16:58',85.90,4),(1256,17,'230 Elinor Roads Apt. 672',678.677,'1996-01-16 01:51:55',39.98,48),(1257,73,'152 Pfeffer Walks Apt. 693',1850.77,'1989-08-22 00:35:43',28968.26,19),(1258,42,'364 Carter Row',155567000,'1974-08-23 08:25:09',99999999.99,29),(1259,13,'143 Wisoky Camp',221822000,'1978-02-17 22:00:52',13946261.76,28),(1260,93,'04036 Colten Forks Suite 397',4869,'2017-09-11 18:41:53',20170.17,41),(1261,31,'6436 Torphy Groves',64.4504,'1985-06-30 21:49:55',88.68,44),(1262,57,'80416 Jerde Estate Suite 562',3368310,'1975-12-21 19:55:22',556643.22,35),(1263,15,'6400 Glover Lodge Apt. 562',4962.31,'1999-01-17 22:24:11',36544.07,6),(1264,29,'64189 Savanah Lock Suite 409',76033.8,'1990-07-06 00:33:42',39184372.36,39),(1265,74,'863 Gislason Ridge',5593390,'2015-07-11 09:58:53',4901502.29,29),(1266,82,'7222 Legros Inlet Apt. 459',2527.08,'1990-09-09 17:14:47',410677.46,43),(1267,61,'2577 Seamus Forks',0.117242,'1980-01-26 16:03:56',15556.33,39),(1268,81,'63063 Adams Harbor Suite 493',0.752178,'1989-05-08 01:33:56',3064070.32,46),(1269,75,'347 Waelchi Square',744073,'1999-08-24 17:21:57',15.79,5),(1270,37,'737 Nolan Centers Apt. 718',47989400,'2011-04-15 01:26:44',26.21,26),(1271,17,'024 Taryn Spurs',61.3818,'1998-01-12 10:44:15',350.23,27),(1272,47,'984 Howard Parkways Suite 552',1.73419,'1982-03-27 22:10:54',1400.40,45),(1273,91,'8333 Durgan Bridge Suite 649',3373620,'1999-10-30 09:02:45',385382.81,44),(1274,46,'55552 Dennis Parkway',0.592111,'1988-03-18 22:50:50',33952415.75,2),(1275,43,'466 Zaria Drives Apt. 390',84.6786,'1994-04-21 22:29:08',21911.46,19),(1276,85,'7300 Anissa Brook Apt. 749',2004.8,'1980-04-04 00:08:58',101501.19,37),(1277,25,'650 Bella Rest Suite 930',185119,'1990-10-12 01:17:45',230.69,21),(1278,43,'98235 Stokes Course',1.96747,'1999-10-01 16:20:38',76228265.79,20),(1279,51,'162 Archibald Burgs',10054.8,'2019-05-15 07:59:11',59.60,36),(1280,17,'30751 Sabryna Wall Suite 605',63269600,'2012-02-11 20:16:58',94.80,13),(1281,29,'05362 Abdullah Greens',29273200,'2001-02-12 14:47:22',95.81,50),(1282,11,'22158 Schamberger Garden',0.627596,'2006-02-10 14:59:56',31303.48,45),(1283,76,'341 Malachi Creek',472429,'2005-08-31 16:32:05',84.76,46),(1284,79,'393 Schiller Port Apt. 608',1127970,'1973-05-26 12:01:41',93.84,25),(1285,100,'604 Cassie Circle Apt. 613',30695600,'1972-12-05 19:21:08',9685.94,8),(1286,1,'18746 Pouros Tunnel',1.25483,'1998-02-26 02:55:47',576.41,8),(1287,70,'3247 Oberbrunner Vista',148171,'1991-11-10 10:30:53',39769502.76,24),(1288,6,'64772 Rhett Plains',482172000,'1975-02-03 02:11:42',99999999.99,31),(1289,36,'4307 Kiehn Corners',17359,'1985-01-26 18:11:02',247.47,26),(1290,65,'143 Prosacco Courts',8447990,'2013-05-18 17:58:21',2471176.26,39),(1291,90,'7828 McClure Coves',1715.96,'1990-10-01 20:41:45',44881.62,25),(1292,50,'3219 Williamson Ridges Apt. 986',1.4971,'2016-02-05 14:51:53',103.39,7),(1293,90,'8258 Eloise Place',242953,'2010-06-16 08:42:05',99999999.99,46),(1294,53,'08491 Gulgowski Park Suite 128',16759,'2001-05-10 04:06:50',99999999.99,20),(1295,63,'64038 Kali Valley',489.356,'1984-10-14 02:09:17',1442341.95,35),(1296,65,'26449 Rice Vista Suite 515',32.6956,'1974-08-11 01:20:42',16.05,46),(1297,69,'8127 Queenie Mountains Suite 630',567307,'2001-05-24 13:26:58',74795359.80,38),(1298,81,'6720 Witting Point Suite 874',2.84022,'1975-06-24 13:06:56',6.10,22),(1299,65,'4191 Miller Pine Apt. 187',129.345,'1995-12-03 10:13:02',366.72,30),(1300,94,'287 Goldner Springs',47.1942,'2002-03-21 19:50:51',37.26,33),(1301,76,'8973 Kozey Row Apt. 247',5.13024,'2009-11-28 15:09:37',3333.17,48),(1302,81,'762 Quitzon Isle Apt. 492',208592000,'1984-07-25 05:04:26',5002923.41,23),(1303,42,'47386 Marjorie Divide Apt. 286',158826000,'1990-06-13 02:07:57',93.27,43),(1304,6,'4191 Wuckert Summit Apt. 881',0.902757,'1995-01-28 14:47:48',573873.56,39),(1305,37,'4738 Christian Spur Apt. 153',0.835589,'2001-05-30 18:20:22',93.32,35),(1306,55,'5293 Rasheed Shore',52.6014,'2015-12-16 08:10:51',1522.86,13),(1307,19,'9834 Windler Inlet',482659000,'2008-12-08 00:37:05',3582813.46,3),(1308,40,'049 Marquardt Glen',0.0687742,'1986-09-25 09:47:23',791.72,4),(1309,97,'7830 Quitzon Terrace Suite 921',30.2872,'2017-05-02 09:03:05',7467833.33,47),(1310,48,'2376 Sunny Isle Apt. 528',26.4723,'2017-12-10 01:34:47',6188.52,30),(1311,62,'53197 Jason Union Suite 146',6155.55,'2005-04-11 03:55:46',1043615.23,6),(1312,51,'765 Delmer Harbors',5061.81,'1973-05-02 17:53:15',79.31,16),(1313,86,'18956 Bins Flat Suite 582',98.2787,'2010-02-03 09:22:15',12798.53,16),(1314,75,'883 Mortimer Walk',49387200,'2020-03-02 12:41:31',92.11,26),(1315,90,'483 Felicita Harbor Apt. 998',340240,'1993-12-07 16:24:55',9375794.03,34),(1316,15,'152 Donnelly Loaf',545772,'2018-05-07 01:47:22',688522.03,33),(1317,63,'70905 Erwin Park Suite 541',11887.8,'1973-03-07 23:10:54',28013706.41,48),(1318,10,'319 Maureen Ferry Apt. 329',3518530,'2016-03-26 22:34:27',6388677.91,3),(1319,82,'518 Alan Plaza Apt. 942',66648900,'2016-10-09 05:05:19',99999999.99,8),(1320,82,'7617 Carlee Lock',309623,'1998-07-12 20:21:31',2894.89,9),(1321,85,'774 Hardy Valleys Suite 522',36428100,'1971-04-05 04:34:41',92.56,18),(1322,44,'439 Trantow Pike Apt. 905',160.006,'2014-11-22 14:31:18',10980121.73,2),(1323,40,'8411 Schulist Knoll',22.4698,'1973-11-04 11:44:08',18663407.51,42),(1324,11,'08337 Zulauf Extensions Suite 689',109226,'2003-09-03 22:13:55',5727.04,18),(1325,76,'42808 Barrows Overpass Suite 136',45446.2,'2006-07-17 23:29:37',95.48,29),(1326,95,'50545 German Locks',88.466,'1998-12-03 12:46:40',1812.25,19),(1327,69,'877 D\'Amore Islands Suite 725',3264350,'2011-02-18 19:23:23',59.53,23),(1328,68,'46987 Abshire Throughway',465873,'1998-04-18 09:31:00',413.25,28),(1329,75,'351 Zulauf Extensions Suite 168',61.2183,'1993-05-24 00:48:02',2701710.95,21),(1330,5,'509 Wolf Plaza Suite 830',35445800,'1983-05-05 13:11:38',59.47,33),(1331,10,'3353 Schoen Creek Suite 468',0.744773,'1976-06-16 12:49:59',21.33,10),(1332,29,'9603 Demarco Gateway Suite 925',17102.5,'1976-10-05 17:54:02',16007958.93,36),(1333,16,'62022 Klocko Ford',8.94317,'2020-07-09 09:20:47',59.52,19),(1334,76,'73414 Damon Keys',933311,'2003-10-10 18:57:44',57.02,49),(1335,53,'7590 Zboncak Parkway',1397.56,'1996-06-29 09:43:52',445.28,29),(1336,15,'27099 Anderson Dale',7.95876,'1972-04-14 19:35:47',2709058.58,19),(1337,93,'07918 Mayer Mountains',10180,'2016-03-20 08:16:06',63.16,29),(1338,41,'9750 Batz Isle',125012000,'1978-04-22 04:28:57',82.54,17),(1339,41,'364 Simonis Islands Apt. 231',230286000,'1973-10-28 04:34:34',26.01,26),(1340,68,'614 Elvera Square',256167,'1979-11-27 14:28:03',59.15,9),(1341,9,'577 Katrine Junction Apt. 845',0.574722,'1993-12-07 22:47:21',99999999.99,32),(1342,54,'910 Sandrine Light',103.956,'1995-09-02 11:33:17',18730570.52,39),(1343,8,'670 Natalia Stravenue',768435,'2019-11-02 01:13:12',1137100.09,11),(1344,32,'22783 Dylan Gardens Suite 398',34633.5,'1983-04-16 05:17:57',517942.58,41),(1345,63,'0635 Jocelyn Groves',3980.57,'1978-10-18 04:42:09',13.90,19),(1346,47,'117 Abshire Fork Suite 321',64.019,'1995-02-28 23:19:30',135.35,36),(1347,57,'1806 Fisher Estate',3618.78,'2019-12-20 16:19:48',1203.46,38),(1348,44,'825 Darlene Shores Apt. 768',0.248161,'1970-04-02 08:31:49',4631382.03,36),(1349,13,'86331 Schumm Prairie',560576,'2005-02-11 17:50:18',7637.94,10),(1350,69,'32972 Murphy Views',28.8683,'1982-12-02 02:30:47',38766076.38,33);
/*!40000 ALTER TABLE `drive` ENABLE KEYS */;
UNLOCK TABLES;

--
-- Table structure for table `health`
--

DROP TABLE IF EXISTS `health`;
/*!40101 SET @saved_cs_client     = @@character_set_client */;
/*!40101 SET character_set_client = utf8 */;
CREATE TABLE `health` (
  `users_id_account` int(10) unsigned NOT NULL,
  `created_at` datetime NOT NULL,
  `health_types` int(11) NOT NULL,
  `price` decimal(10,2) NOT NULL,
  `health_type_id_ht` int(11) NOT NULL,
  KEY `fk_table1_users2_idx` (`users_id_account`),
  KEY `fk_health_health_type1_idx` (`health_type_id_ht`),
  CONSTRAINT `fk_health_health_type1` FOREIGN KEY (`health_type_id_ht`) REFERENCES `health_type` (`id_ht`),
  CONSTRAINT `fk_table1_users2` FOREIGN KEY (`users_id_account`) REFERENCES `users` (`id_account`)
) ENGINE=InnoDB DEFAULT CHARSET=utf8;
/*!40101 SET character_set_client = @saved_cs_client */;

--
-- Dumping data for table `health`
--

LOCK TABLES `health` WRITE;
/*!40000 ALTER TABLE `health` DISABLE KEYS */;
INSERT INTO `health` VALUES (49,'1996-03-15 03:02:36',6,323.26,6),(39,'1998-06-08 21:53:46',6,38.85,6),(43,'2015-11-20 15:36:58',2,20.75,1),(75,'1985-01-29 18:52:12',4,284061.76,6),(22,'1985-09-28 04:06:33',2,2924.19,4),(21,'2016-07-09 03:44:39',4,514.34,5),(96,'1974-04-11 06:29:55',5,67363.78,2),(25,'2010-08-05 08:16:56',2,49.29,1),(51,'2018-11-08 19:29:25',3,15927311.51,2),(3,'1978-07-12 10:04:36',3,780178.46,6),(19,'2013-08-12 02:39:26',6,6.34,6),(12,'1984-09-10 01:49:15',2,524.43,5),(4,'2007-04-14 18:04:22',5,7336.35,1),(16,'2002-03-19 19:08:36',3,12.46,5),(15,'2008-12-04 13:16:40',5,170567.39,6),(71,'2008-05-09 02:52:38',6,973166.84,3),(37,'2009-01-14 01:39:04',5,3924.52,2),(70,'1995-01-21 04:11:51',1,322.59,4),(80,'1989-02-05 08:03:03',4,2291.51,1),(12,'2013-11-23 07:41:39',4,28944739.56,4),(11,'1994-09-04 07:03:58',5,64.44,3),(7,'1993-12-03 06:18:23',6,65409790.03,5),(89,'2012-01-25 08:45:43',6,115.90,3),(99,'1997-11-20 06:16:56',1,12.89,6),(68,'1997-10-08 09:53:05',2,99999999.99,4),(66,'1975-12-30 06:00:06',6,33.42,3),(14,'1996-05-29 02:26:09',2,54.45,2),(43,'2009-07-06 17:03:35',1,12437916.87,2),(4,'2018-04-02 09:01:32',5,75.41,6),(15,'2012-08-08 04:26:24',6,153.12,3),(66,'2020-01-22 19:03:43',1,22.88,2),(7,'2001-12-29 02:00:20',1,119.78,1),(75,'1980-05-12 18:36:13',6,81.18,1),(15,'2010-01-15 05:52:45',6,91217.41,2),(99,'2021-01-04 22:29:34',4,30.07,3),(50,'2020-10-04 12:14:09',2,1063130.53,3),(88,'2016-10-22 08:27:31',3,3696.08,4),(9,'1997-12-06 19:26:06',6,672.56,5),(37,'1997-05-25 15:51:35',6,437.62,3),(23,'2004-10-21 07:29:18',1,213.09,3),(69,'1985-08-07 14:30:06',5,77.34,3),(94,'1982-07-26 23:14:06',5,5285.34,3),(9,'2008-03-26 16:24:31',3,3042.17,3),(18,'2005-12-12 05:18:11',4,416018.60,3),(35,'1983-11-25 18:00:23',4,39380.98,1),(77,'1992-07-05 17:30:45',1,33851541.64,2),(12,'1987-01-01 17:59:29',6,45.58,5),(78,'1980-10-11 11:33:27',1,88638.92,4),(45,'1970-08-06 20:07:10',3,83.36,3),(92,'2006-11-12 10:31:52',4,7521676.20,3),(31,'1971-02-07 04:58:58',2,84958.52,1),(73,'2013-09-07 00:55:17',2,10752411.34,6),(22,'1999-11-15 10:10:13',3,14.67,3),(69,'1975-08-11 15:20:18',4,4632.40,6),(12,'1994-10-13 09:00:52',6,5073.27,4),(17,'1995-11-04 04:02:47',4,129.14,4),(50,'2014-09-26 21:12:08',5,10401.49,4),(24,'2017-04-16 14:11:26',4,99999999.99,5),(82,'1976-11-03 10:20:53',6,48.02,1),(27,'1971-08-17 18:00:38',6,5792430.64,5),(74,'1979-01-30 19:29:36',2,32.75,1),(88,'1998-12-17 18:53:29',6,5557812.53,2),(75,'2016-08-11 19:33:37',1,61523788.07,4),(9,'2018-12-23 13:36:05',5,6159967.33,2),(6,'1992-01-06 23:41:12',6,333983.43,1),(62,'2000-07-29 06:19:08',1,3627.50,4),(28,'1988-05-31 11:11:55',4,34263902.28,3),(91,'2019-04-19 06:53:54',5,6108726.15,6),(59,'2021-02-01 02:00:14',4,9.62,6),(69,'1985-11-15 06:00:51',6,14833640.83,5),(42,'2011-03-07 19:28:55',4,26242597.39,6),(47,'1992-09-05 20:05:23',3,15037.26,5),(78,'2005-07-23 09:03:21',2,14.35,6),(44,'2008-12-03 18:52:42',2,8161601.64,5),(62,'1997-02-07 15:52:45',3,1500091.70,5),(65,'1996-12-22 17:06:32',6,99999999.99,5),(31,'2002-06-30 02:46:04',2,232591.91,2),(71,'1980-09-25 05:58:55',2,46609890.18,1),(62,'1990-03-04 09:15:07',5,99999999.99,5),(49,'1980-02-24 10:29:53',3,99999999.99,4),(24,'2018-06-03 14:13:40',6,45.07,2),(16,'1983-02-28 19:21:48',2,6959.68,5),(99,'1971-05-10 17:36:05',1,2940.12,1),(93,'2018-08-12 10:23:02',4,4435850.42,3),(68,'2020-04-05 12:24:29',1,7954.76,5),(35,'1983-09-08 19:06:39',5,41044.04,5),(10,'1979-02-08 16:38:44',1,1526.90,6),(43,'1988-05-01 08:34:57',5,66764775.09,1),(57,'2015-06-26 05:56:08',3,1323.69,6),(33,'2000-02-23 11:14:25',6,54.43,3),(98,'1973-05-16 18:37:53',1,44.36,2),(26,'1986-09-28 01:43:54',2,3224.47,4),(4,'2003-10-24 09:58:24',2,57373395.17,5),(5,'1973-01-31 04:57:47',2,9102.02,2),(39,'1977-12-30 06:09:27',6,222655.98,3),(10,'1998-01-10 13:58:55',2,1521.69,1),(81,'2011-10-08 02:15:40',3,48675016.62,2),(79,'1984-01-24 00:14:23',5,13828699.49,1),(95,'2003-08-17 01:55:36',2,61.10,3),(89,'2009-02-20 09:14:40',4,42.04,3),(28,'1987-06-29 03:39:25',4,51.16,4),(53,'1995-10-30 15:07:33',6,527755.90,6),(10,'2007-01-18 23:23:05',6,307.71,1),(77,'1982-11-22 23:02:23',6,534280.21,3),(98,'2003-05-14 04:50:08',3,40.16,2),(34,'1993-12-13 02:59:09',3,26.48,4),(48,'1987-10-08 04:50:08',2,52420629.92,6),(73,'1971-05-02 19:42:27',1,15020.65,4),(79,'2007-12-29 09:09:38',6,1259.83,6),(28,'1977-01-06 17:16:59',6,17.07,4),(69,'1999-10-24 05:41:18',1,1222.02,2),(25,'2011-12-05 06:57:35',4,183.92,1),(12,'2012-06-03 02:55:46',5,18.83,1),(29,'2018-01-02 11:14:35',4,9354587.84,6),(67,'1986-12-11 02:06:02',3,46.09,3),(94,'2005-07-25 04:15:00',5,28.91,5),(46,'2019-05-24 17:06:10',2,42.63,1),(30,'2010-06-09 15:17:04',1,31605894.87,1),(91,'1972-06-09 04:42:56',5,198804.77,1),(84,'1984-12-01 10:16:11',1,443961.93,6),(43,'2015-09-15 11:44:56',5,518.77,1),(65,'1972-09-29 06:08:32',1,10308.19,5),(75,'2003-11-13 05:54:32',1,15025.47,3),(78,'2002-10-03 23:25:14',3,5280.93,6),(77,'2002-08-01 00:17:10',1,271.82,3),(12,'1983-01-29 18:27:02',1,2044127.43,2),(90,'1985-10-22 05:36:50',3,903.82,4),(92,'1981-09-06 00:36:16',5,727706.72,4),(98,'2011-12-23 11:55:10',5,26.02,3),(100,'1982-07-10 06:08:13',4,62955844.30,3),(89,'1996-02-26 04:57:33',6,29256.81,2),(91,'1981-06-17 06:56:04',4,16502086.99,2),(57,'1973-11-13 19:34:17',2,9071268.50,3),(99,'2015-11-12 20:59:16',1,38.84,5),(92,'2004-09-04 13:35:16',6,1420.08,6),(35,'1991-05-24 16:22:14',6,1.29,6),(60,'1981-12-22 09:21:03',6,44.93,3),(16,'2018-12-10 13:36:49',5,41.99,1),(75,'1974-05-19 16:08:19',5,17.13,5),(15,'2008-05-29 16:49:50',5,606723.80,2),(63,'2011-06-18 05:30:21',4,6605.32,2),(89,'1986-02-19 06:43:19',4,47.69,5),(16,'2000-10-04 16:58:17',1,8046.01,1),(55,'2007-09-18 06:04:48',1,26.72,2),(36,'1974-05-28 06:57:15',1,43.71,1),(25,'1983-11-24 16:17:29',3,248.54,1),(15,'2004-06-17 17:57:21',6,1821259.68,6),(52,'1996-07-08 12:27:34',1,1292.20,5),(66,'1990-04-07 13:07:09',6,331627.36,3),(47,'1990-10-09 15:17:26',6,9.47,2),(78,'2009-01-02 23:49:50',4,15987965.85,6),(3,'1971-09-05 11:19:25',3,3210.03,3),(85,'1973-12-31 18:44:39',4,239763.36,4),(99,'1996-01-05 12:32:00',2,51.02,4),(22,'1993-10-14 01:54:35',4,814160.70,4),(32,'2013-01-13 06:29:13',5,114.78,6),(40,'2007-11-14 00:39:19',6,49.95,6),(34,'1970-11-07 23:01:20',3,41.31,1),(8,'2005-05-19 08:29:41',1,34790406.10,6),(57,'2014-03-25 10:18:04',4,42.00,6),(82,'1973-09-29 17:18:41',3,34.29,3),(72,'2018-02-04 06:38:44',3,11355994.58,6),(15,'1973-06-16 19:32:31',2,1198525.72,4),(70,'1980-01-12 08:17:10',2,2.83,5),(34,'2015-07-03 19:54:11',3,9341740.59,3),(98,'2015-08-27 00:10:35',5,2464.82,1),(98,'1982-11-18 11:14:40',1,241.89,1),(91,'2007-12-20 15:38:22',3,9.65,4),(95,'2017-12-30 08:52:45',4,99999999.99,4),(83,'1993-08-06 13:04:03',1,46.62,2),(69,'1992-03-02 22:47:43',6,37.56,4),(17,'1979-10-12 03:01:42',4,302887.02,6),(14,'2001-07-17 08:06:08',5,1447462.47,1),(76,'2011-12-12 16:37:47',3,70.18,3),(58,'2005-04-23 08:31:45',5,23.11,5),(95,'1972-02-12 07:48:42',5,832.60,3),(11,'1980-05-25 13:10:52',5,3753.90,4),(21,'2016-07-27 04:25:42',4,475618.33,1),(77,'1994-11-18 15:46:07',4,39044427.39,4),(44,'1987-07-11 23:18:45',3,60953269.57,4),(67,'1995-07-13 18:08:38',1,965.91,4),(25,'1971-12-04 22:21:44',2,3461209.57,2),(20,'1976-12-02 10:22:30',3,909.38,6),(36,'2012-06-03 16:44:03',2,44528905.88,3),(71,'2010-11-25 14:37:18',5,1673.36,2),(47,'2001-02-16 08:15:48',5,808.03,1),(95,'2002-05-05 13:19:03',5,46876385.88,5),(54,'1986-10-25 17:05:17',1,34.45,3),(58,'2009-10-06 11:14:22',5,3883.69,1),(15,'1978-05-23 06:49:47',2,4650819.87,3),(81,'1970-01-09 16:24:56',6,136.12,4),(38,'1979-03-02 09:52:19',1,1991003.31,6),(58,'1982-11-10 11:45:58',2,815592.94,2),(55,'2010-02-06 08:33:21',5,29.80,3),(99,'2000-07-03 16:45:46',3,61.41,2),(23,'1971-03-22 12:37:28',6,18651.85,6),(24,'1974-08-10 13:01:49',5,35.01,5),(1,'1972-12-22 16:31:50',2,39.79,5),(44,'2020-10-24 15:45:17',6,319816.62,3),(47,'1976-12-13 06:54:18',1,217.70,5);
/*!40000 ALTER TABLE `health` ENABLE KEYS */;
UNLOCK TABLES;

--
-- Table structure for table `health_type`
--

DROP TABLE IF EXISTS `health_type`;
/*!40101 SET @saved_cs_client     = @@character_set_client */;
/*!40101 SET character_set_client = utf8 */;
CREATE TABLE `health_type` (
  `id_ht` int(11) NOT NULL AUTO_INCREMENT,
  `type` varchar(45) NOT NULL,
  PRIMARY KEY (`id_ht`)
) ENGINE=InnoDB AUTO_INCREMENT=7 DEFAULT CHARSET=utf8;
/*!40101 SET character_set_client = @saved_cs_client */;

--
-- Dumping data for table `health_type`
--

LOCK TABLES `health_type` WRITE;
/*!40000 ALTER TABLE `health_type` DISABLE KEYS */;
INSERT INTO `health_type` VALUES (1,' Страхование авто'),(2,' Лечение'),(3,' Страхование жизни'),(4,' Лекарства'),(5,'Стоматология'),(6,' Страхование жилища');
/*!40000 ALTER TABLE `health_type` ENABLE KEYS */;
UNLOCK TABLES;

--
-- Table structure for table `housing`
--

DROP TABLE IF EXISTS `housing`;
/*!40101 SET @saved_cs_client     = @@character_set_client */;
/*!40101 SET character_set_client = utf8 */;
CREATE TABLE `housing` (
  `users_id_account` int(10) unsigned NOT NULL,
  `housing_types_id` int(11) NOT NULL,
  `cost` decimal(10,2) NOT NULL,
  `status` varchar(45) DEFAULT NULL,
  KEY `fk_housing_users1_idx` (`users_id_account`),
  KEY `fk_housing_housing_types1_idx` (`housing_types_id`),
  CONSTRAINT `fk_housing_housing_types1` FOREIGN KEY (`housing_types_id`) REFERENCES `housing_types` (`id`),
  CONSTRAINT `fk_housing_users1` FOREIGN KEY (`users_id_account`) REFERENCES `users` (`id_account`)
) ENGINE=InnoDB DEFAULT CHARSET=utf8;
/*!40101 SET character_set_client = @saved_cs_client */;

--
-- Dumping data for table `housing`
--

LOCK TABLES `housing` WRITE;
/*!40000 ALTER TABLE `housing` DISABLE KEYS */;
INSERT INTO `housing` VALUES (40,2,506163.93,'1'),(37,0,304299.68,'-1'),(66,2,93512.99,'1'),(17,3,380625.56,'1'),(4,2,102385.57,'-1'),(97,0,229634.54,'-1'),(10,0,112650.86,'-1'),(78,1,286086.93,'-1'),(57,2,139558.01,'-1'),(83,2,99999999.99,'-1'),(78,0,490316.09,'-1'),(51,3,440857.10,'-1'),(47,3,330238.22,'-1'),(68,0,3955746.32,'1'),(53,3,69323956.39,'-1'),(10,3,26060493.29,'1'),(54,1,567494.78,'-1'),(8,0,468152.84,'1'),(16,0,478423.92,'-1'),(96,0,86620.22,'1'),(89,3,232906.82,'1'),(37,3,332663.99,'-1'),(9,0,374018.48,'1'),(33,2,267686.91,'1'),(76,0,7923606.57,'1'),(16,2,519807.19,'1'),(39,2,209758.41,'-1'),(40,3,1322082.43,'-1'),(50,0,187726.57,'-1'),(93,0,6353529.11,'1'),(92,0,669652.92,'-1'),(95,1,3004.43,'-1'),(48,0,464450.36,'1'),(63,2,451646.11,'1'),(26,2,6987520.34,'-1'),(82,0,548140.68,'1'),(51,0,33069996.95,'-1'),(13,2,10335279.89,'1'),(32,1,597222.17,'1'),(25,0,149885.72,'-1'),(60,1,99999999.99,'1'),(60,3,352714.12,'1'),(6,3,99999999.99,'1'),(85,2,99999999.99,'1'),(6,3,2348208.81,'1'),(59,3,396909.44,'1'),(79,2,385712.21,'-1'),(42,1,99999999.99,'-1'),(56,0,99999999.99,'1'),(90,3,5132135.99,'-1'),(63,2,222698.42,'1'),(97,0,4900487.62,'1'),(90,0,4310690.48,'-1'),(73,0,1568760.77,'1'),(55,3,355197.56,'-1'),(29,0,257016.00,'-1'),(37,3,594576.00,'1'),(14,1,418378.34,'1'),(88,3,34357821.24,'1'),(98,3,184551.68,'-1'),(75,2,67277.84,'1'),(91,2,64654.15,'1'),(9,1,399368.88,'1'),(81,2,371473.71,'-1'),(37,2,633746.64,'1'),(46,3,340968.61,'-1'),(42,1,416689.74,'1'),(13,1,3162819.63,'-1'),(51,3,45126756.04,'-1'),(52,0,412224.76,'-1'),(82,3,923.68,'-1'),(20,0,263208.93,'-1'),(68,1,99999999.99,'-1'),(60,2,570612.45,'1'),(31,2,267225.77,'1'),(49,0,714897.71,'1'),(13,1,323598.25,'-1'),(60,0,84667.27,'1'),(71,1,113117.16,'1'),(86,0,288925.50,'-1'),(10,1,944748.64,'-1'),(7,2,496656.49,'1'),(73,0,95118792.86,'1'),(81,0,81753.11,'1'),(4,1,199729.37,'-1'),(30,3,437519.08,'1'),(12,1,468144.78,'-1'),(3,3,685235.79,'-1'),(82,2,143766.15,'-1'),(35,0,4539335.17,'1'),(18,3,234556.18,'1'),(19,1,496912.40,'1'),(22,3,2211106.58,'-1'),(51,3,353562.71,'1'),(17,1,18413.94,'1'),(100,1,139883.35,'-1'),(67,0,401174.84,'1'),(77,1,256539.21,'-1'),(25,2,99999999.99,'1'),(64,1,99999999.99,'1'),(89,3,198321.41,'-1'),(13,0,203462.55,'1'),(42,0,19979105.79,'-1'),(81,0,494774.76,'-1'),(77,0,956885.86,'1'),(36,3,1682087.36,'1'),(99,2,401840.01,'-1'),(24,0,2070036.84,'1'),(32,2,5322164.49,'-1'),(12,1,359347.38,'1'),(11,0,490019.99,'1'),(75,3,198928.56,'1'),(17,2,132447.76,'1'),(18,1,1635325.20,'-1'),(9,3,383122.00,'1'),(69,3,431661.71,'1'),(74,3,175716.40,'-1'),(98,0,202500.08,'-1'),(96,3,507077.40,'1'),(38,2,316821.07,'1'),(94,2,320436.90,'1'),(66,3,354478.09,'-1'),(29,3,3960294.41,'1'),(12,2,249687.69,'-1'),(64,0,2615731.38,'1'),(9,2,474791.36,'-1'),(35,3,498105.71,'-1'),(52,2,432655.63,'1'),(35,2,455551.73,'1'),(93,1,948523.77,'1'),(50,2,446734.80,'-1'),(40,0,99999999.99,'-1'),(42,1,7709926.06,'1'),(38,1,489375.40,'-1'),(16,3,5837625.15,'-1'),(10,0,82383136.62,'1'),(50,3,482898.00,'-1'),(1,3,442026.02,'1'),(65,0,408686.02,'1'),(38,1,233623.79,'1'),(36,1,355614.97,'-1'),(3,2,1764510.59,'1'),(29,2,655038.55,'1'),(23,2,494952.65,'-1'),(25,0,444620.31,'-1'),(5,2,129232.15,'1'),(75,1,473245.49,'1'),(98,0,449327.16,'1'),(81,1,215454.28,'-1'),(55,3,30759144.40,'-1'),(11,2,44781183.37,'1'),(5,2,130112.12,'-1'),(40,0,328380.24,'1'),(38,0,9931.66,'-1'),(17,2,1486962.12,'-1'),(33,2,141798.29,'1'),(20,1,119494.81,'-1'),(24,1,915918.15,'1'),(91,1,222159.39,'-1'),(10,0,126370.25,'-1'),(60,0,390098.47,'1'),(89,1,478737.83,'-1'),(58,3,273197.42,'1'),(52,1,9766859.95,'-1'),(21,0,55819920.48,'1'),(34,1,16706139.55,'-1'),(70,1,99999999.99,'1'),(91,0,180710.14,'-1'),(42,1,19999.10,'-1'),(13,2,166024.45,'1'),(2,1,249711.51,'1'),(12,0,412706.38,'1'),(81,1,121200.58,'1'),(69,2,99999999.99,'1'),(81,3,525532.50,'1'),(85,1,424440.78,'1'),(92,2,1209830.86,'-1'),(76,1,204979.12,'-1'),(59,1,47116.96,'1'),(87,3,73680.87,'-1'),(32,0,356028.29,'1'),(9,0,462456.15,'1'),(57,3,99999999.99,'-1'),(11,3,201336.63,'1'),(27,0,99999999.99,'-1'),(58,1,130936.63,'-1'),(68,2,736374.31,'-1'),(50,1,99999999.99,'-1'),(4,0,243536.17,'1'),(19,3,213071.61,'1'),(97,0,694003.13,'-1'),(25,3,352116.40,'-1'),(76,3,373895.65,'1'),(37,1,99999999.99,'-1'),(27,0,99999999.99,'1'),(12,2,336067.94,'-1'),(43,0,460467.48,'1'),(60,3,475525.64,'-1'),(20,2,14092914.56,'-1'),(98,1,210554.13,'1');
/*!40000 ALTER TABLE `housing` ENABLE KEYS */;
UNLOCK TABLES;

--
-- Table structure for table `housing_types`
--

DROP TABLE IF EXISTS `housing_types`;
/*!40101 SET @saved_cs_client     = @@character_set_client */;
/*!40101 SET character_set_client = utf8 */;
CREATE TABLE `housing_types` (
  `id` int(11) NOT NULL,
  `type` varchar(45) DEFAULT NULL COMMENT 'Покупка\nДолгосрочная аренда\nКраткосрочная аредна\nПродажа',
  PRIMARY KEY (`id`)
) ENGINE=InnoDB DEFAULT CHARSET=utf8;
/*!40101 SET character_set_client = @saved_cs_client */;

--
-- Dumping data for table `housing_types`
--

LOCK TABLES `housing_types` WRITE;
/*!40000 ALTER TABLE `housing_types` DISABLE KEYS */;
INSERT INTO `housing_types` VALUES (0,' Долгосрочная аренда'),(1,' Продажа'),(2,'Покупка'),(3,' Краткосрочная аренда');
/*!40000 ALTER TABLE `housing_types` ENABLE KEYS */;
UNLOCK TABLES;

--
-- Table structure for table `markets`
--

DROP TABLE IF EXISTS `markets`;
/*!40101 SET @saved_cs_client     = @@character_set_client */;
/*!40101 SET character_set_client = utf8 */;
CREATE TABLE `markets` (
  `users_id_account` int(10) unsigned NOT NULL,
  `order` varchar(200) NOT NULL COMMENT 'содержание заказа',
  `price` decimal(10,2) NOT NULL,
  `created_at` datetime NOT NULL DEFAULT current_timestamp(),
  `company_id` int(11) NOT NULL,
  KEY `fk_table1_users1_idx` (`users_id_account`),
  KEY `fk_markets_company1_idx` (`company_id`),
  CONSTRAINT `fk_markets_company1` FOREIGN KEY (`company_id`) REFERENCES `company` (`id`),
  CONSTRAINT `fk_table1_users1` FOREIGN KEY (`users_id_account`) REFERENCES `users` (`id_account`)
) ENGINE=InnoDB DEFAULT CHARSET=utf8;
/*!40101 SET character_set_client = @saved_cs_client */;

--
-- Dumping data for table `markets`
--

LOCK TABLES `markets` WRITE;
/*!40000 ALTER TABLE `markets` DISABLE KEYS */;
INSERT INTO `markets` VALUES (33,'Nobis facilis qui aut soluta quibusdam.',50.87,'1971-07-27 03:02:33',23),(23,'Voluptate quis fugiat voluptatem dolore ipsum.',99999999.99,'1979-06-08 14:57:22',43),(6,'Voluptas voluptatum nam eius quae ut.',192819.22,'2005-05-24 22:32:28',38),(80,'Aut cumque ad reprehenderit est.',12229500.84,'2002-12-28 15:35:20',50),(40,'Unde harum dolor est ut similique dolor fugiat.',99999999.99,'1979-10-06 14:36:56',33),(59,'Beatae id animi saepe ad facilis.',128.73,'1993-10-19 23:34:55',11),(88,'Rerum expedita tempore ea laboriosam eaque.',99999999.99,'2013-05-09 08:39:09',37),(27,'Id corrupti minus enim quisquam beatae similique ipsa.',47537.22,'2007-01-11 23:52:05',41),(96,'Consectetur aut quam facilis et.',18.89,'2006-03-03 21:29:45',8),(60,'Neque in explicabo et corporis sed dolores.',32.00,'2010-04-14 08:11:52',45),(27,'Id et itaque aut voluptatibus alias.',2785482.89,'1981-07-01 03:41:55',19),(73,'Quae cum officia porro et aut omnis eum commodi.',159773.20,'1993-10-04 09:38:11',24),(54,'Ex labore sequi sint et vitae.',0.04,'1993-03-05 07:17:54',40),(80,'Fugiat praesentium voluptatem et aut neque odit.',99999999.99,'1991-10-25 08:15:23',49),(80,'Et placeat fugit quia veritatis aliquid sit dolorem.',99999999.99,'2017-01-11 21:23:12',40),(54,'Debitis sunt modi ut pariatur veniam.',12194.18,'1991-10-25 00:47:10',6),(25,'Commodi omnis deserunt quo eveniet non dolor est.',51.68,'1984-12-23 08:54:43',39),(96,'Velit et sed quidem.',15031326.69,'2014-05-25 12:48:42',15),(52,'Sunt voluptatem facilis natus exercitationem.',678.57,'1973-08-26 17:06:45',38),(30,'A tempora velit et hic.',0.22,'1984-09-28 19:07:17',46),(42,'Aliquid est neque quam voluptas.',16290.46,'1998-09-26 16:05:20',44),(12,'Necessitatibus qui incidunt quam aut libero exercitationem ipsum et.',99999999.99,'2003-09-24 18:35:28',15),(60,'Accusamus maiores eveniet fugit officiis aut minus voluptatibus.',8004.49,'2005-01-02 23:57:54',20),(11,'Cumque ipsa eius ea id.',6885.82,'1998-05-02 03:26:11',28),(54,'Nobis dicta nostrum qui sunt voluptas ad.',584767.07,'2012-03-28 20:10:30',35),(46,'Neque dolore quia dolor.',6478.53,'2013-11-17 06:29:41',41),(6,'Praesentium et reiciendis deleniti dignissimos temporibus.',99999999.99,'2002-09-01 06:48:13',9),(27,'Omnis perspiciatis error iure est corrupti ipsam omnis.',949.27,'1992-04-14 12:03:41',30),(97,'Aut facere quo eius asperiores.',9005.05,'1975-12-05 20:28:38',4),(57,'Eligendi aspernatur accusantium est.',363.66,'2006-08-22 18:22:14',39),(85,'Odit neque dolores expedita quia.',4839.71,'2003-06-19 14:07:56',6),(88,'Dolorem architecto corporis ipsa sequi.',363.73,'2002-07-22 20:31:48',5),(87,'Dolor beatae pariatur sit officiis sed.',254141.94,'2017-07-29 12:43:23',42),(39,'Dolore et labore quia eius autem nihil et.',0.37,'2004-11-24 15:34:07',20),(60,'A fugiat perferendis amet pariatur.',1490.21,'2013-11-26 12:38:51',34),(30,'Omnis ut corrupti quo nam et.',14438800.11,'1971-12-04 09:08:26',1),(56,'Pariatur molestiae magni iusto qui assumenda est quae consectetur.',229207.08,'2005-08-17 05:11:24',21),(30,'Et repellendus sunt commodi odio.',2.38,'1970-12-21 07:15:13',8),(80,'Autem sit quos dolores ad aut modi sint.',3371640.96,'2014-08-09 02:24:30',21),(71,'Totam provident quo impedit.',416.51,'2001-09-04 09:46:01',17),(10,'Velit et voluptatem accusamus sint fugiat voluptatem voluptas.',18685.61,'2005-11-04 23:18:11',8),(14,'Perspiciatis sed debitis officia quisquam ea repellendus cupiditate.',61255.62,'1996-11-24 15:14:38',8),(34,'Repellendus beatae voluptatum labore.',577.02,'1985-02-10 08:14:45',20),(75,'Tenetur eligendi voluptates qui facilis.',1337.66,'1970-03-03 17:22:34',16),(47,'Aliquid eos dolores ipsum occaecati et voluptatem quam.',2050977.82,'1995-03-28 04:28:54',16),(7,'Ut et beatae eum eaque natus voluptate.',3978.41,'1990-08-18 23:18:27',16),(42,'Necessitatibus consequatur nesciunt quos quaerat tenetur.',346.11,'2007-10-31 11:37:26',48),(40,'Voluptatem rerum quod veritatis facere eos asperiores.',0.21,'1991-02-21 08:35:31',15),(79,'Ut quam facilis dolorem quia quasi ipsa sit.',202.68,'1976-12-28 15:58:02',40),(68,'Repudiandae autem ut et voluptatibus quas accusantium ex.',6364.77,'1983-02-03 22:00:39',19),(47,'Quam molestias eum ea temporibus placeat quas.',590.80,'1980-05-15 22:36:33',49),(39,'Autem a et sequi rem ut cupiditate.',3.80,'1973-03-12 06:58:03',1),(38,'Quibusdam alias voluptates saepe quia expedita.',48712382.78,'1973-05-06 22:32:52',35),(17,'Fuga eaque est magnam blanditiis quia omnis qui.',0.55,'1970-09-13 13:04:21',9),(9,'Nobis autem esse qui voluptatem saepe ducimus quas.',421.03,'1979-09-08 19:06:28',44),(50,'Sequi eveniet dolor est itaque.',99999999.99,'1999-08-08 17:45:10',10),(4,'Praesentium natus voluptatum dolorem omnis.',1.87,'1989-04-17 21:06:45',32),(35,'Praesentium quasi non ex quo vero labore maxime sequi.',179653.49,'1982-08-14 11:31:56',19),(3,'Accusantium voluptatem id voluptatem voluptas quasi ut voluptas.',1.17,'1970-06-24 20:48:07',5),(68,'Saepe harum veritatis minus ut vero.',34.06,'1977-05-30 13:40:29',25),(41,'Laboriosam veniam qui vitae sunt qui impedit reprehenderit.',71.29,'2011-11-09 00:12:45',38),(80,'Fugiat aut cumque nam id recusandae quia culpa.',735320.48,'1996-11-12 12:44:37',41),(69,'Repudiandae et quae non voluptas nobis quia totam est.',737.47,'1979-12-31 17:22:02',10),(11,'Aut optio aut et ea cum consequatur omnis.',1.65,'1986-08-09 00:14:09',24),(99,'Sunt veritatis in necessitatibus fugit pariatur error.',12.18,'2004-12-25 10:36:23',39),(85,'Consequatur distinctio voluptatibus repellat adipisci sint.',3021028.95,'2005-10-26 21:30:58',23),(75,'Aperiam placeat cumque occaecati quo id corporis.',4425.53,'2015-10-30 19:05:30',12),(47,'Reiciendis ut officiis veritatis.',99999999.99,'1999-02-24 08:50:19',6),(92,'Et mollitia vitae amet occaecati et ea.',0.49,'1981-12-27 00:31:56',32),(29,'Et fugiat voluptas reprehenderit deleniti dolor.',2868.15,'2014-10-26 15:06:36',50),(52,'Exercitationem harum sed autem voluptatibus sunt.',3.80,'1993-09-16 21:40:04',40),(19,'At fuga consectetur recusandae dolores molestiae.',109.43,'2009-05-28 01:51:45',28),(42,'Atque dolor delectus voluptatem esse dolorum earum.',5671398.98,'1985-06-30 15:05:35',27),(93,'Quis eos unde voluptatem maiores voluptas.',1.28,'2011-08-15 05:03:09',22),(62,'Excepturi rem nostrum necessitatibus facilis non.',28276.35,'1990-01-22 04:53:50',30),(93,'Reprehenderit ut ut quod quis et aperiam.',534227.50,'2014-06-19 23:22:10',1),(34,'Fugiat quo qui culpa sunt ipsa.',5824322.46,'2013-11-10 18:00:37',37),(84,'In ut consequatur alias explicabo perspiciatis.',610.10,'1972-02-07 22:35:14',2),(92,'Sed ut et perferendis qui dolores.',93342.36,'1987-03-17 08:22:40',47),(49,'Libero in numquam eos.',12601260.72,'1980-01-02 19:24:19',46),(71,'Similique et ut modi.',0.78,'2007-07-20 18:29:22',17),(36,'Possimus dolores quidem ab officia hic nemo harum.',195.56,'1999-05-11 02:37:27',23),(57,'Odit totam perspiciatis ut quisquam.',7431.37,'2002-05-10 03:08:21',41),(57,'Velit nesciunt fugiat saepe.',176.25,'2018-04-24 00:10:15',24),(46,'Nam deserunt nobis velit necessitatibus impedit.',13.92,'1978-07-24 03:21:43',43),(48,'Nisi debitis asperiores exercitationem voluptatem consequatur a quibusdam.',1.37,'1988-04-11 17:25:10',49),(65,'Placeat pariatur labore maxime doloremque perferendis error autem.',42190.09,'1988-01-09 10:07:34',33),(52,'Dolorum ut fuga architecto quia molestias voluptas.',99999999.99,'2013-08-13 20:32:06',3),(19,'Fuga omnis quia omnis vero sapiente.',1353.08,'1986-10-30 16:37:20',22),(50,'Omnis expedita voluptas magnam.',890.16,'1988-04-24 21:41:27',40),(4,'Aperiam totam excepturi delectus quae expedita.',397907.19,'2003-11-20 00:11:56',21),(82,'Veritatis aspernatur quod fugiat ipsam.',0.99,'1974-05-29 00:34:31',19),(14,'Tempore in modi architecto atque.',7026.98,'2008-04-23 02:55:59',33),(40,'Doloremque sed animi dolores.',568121.25,'2013-11-15 23:46:45',3),(59,'Qui unde qui ipsam nesciunt porro dolores suscipit.',5.68,'1973-01-13 08:27:13',45),(97,'Pariatur consequatur minima et commodi et quidem optio.',3.19,'1976-12-02 17:24:31',15),(23,'Consequatur architecto qui error repellendus.',315189.19,'1997-09-22 12:34:36',16),(75,'Nostrum quo culpa ipsa blanditiis rerum.',97765191.43,'2018-12-19 17:44:06',40),(14,'Rerum est voluptatum dolorem ullam vero.',18.26,'1994-12-13 20:55:04',16),(26,'Et aperiam sed labore ut dolores voluptatibus cupiditate.',18.17,'1971-09-24 14:22:52',30),(18,'Et repellat non dolore repellendus blanditiis.',0.44,'1990-03-18 22:22:59',37),(57,'Laudantium molestias occaecati voluptatum et.',60206440.49,'1974-07-24 17:34:35',41),(39,'Dolore non et repellendus possimus voluptas.',0.25,'1975-02-04 16:38:59',4),(87,'Et officia impedit tenetur officiis ratione.',1426242.24,'2019-03-23 18:30:24',29),(52,'Ut optio ullam voluptatem ullam vitae.',0.56,'1974-11-04 20:59:12',18),(37,'Saepe dolores delectus sequi dignissimos.',6061710.76,'1992-10-27 18:17:34',28),(78,'Ut at et sit voluptate.',31.35,'1986-12-07 01:44:03',10),(94,'Reiciendis incidunt veritatis nisi qui.',0.19,'1995-05-30 08:02:57',46),(84,'Eligendi autem voluptas omnis.',8.92,'1985-04-24 12:40:37',17),(97,'Voluptatem est molestiae accusamus eum ad.',2756568.33,'1991-08-26 17:49:10',21),(22,'Amet eaque ad itaque quo est nostrum debitis.',20.85,'2013-05-19 00:54:42',47),(72,'Vero facere cupiditate sed rerum molestiae et.',384118.16,'1974-09-14 16:47:29',22),(24,'Vel suscipit repudiandae sit omnis.',12498.76,'1972-01-26 19:17:35',23),(23,'Sequi id fugiat aut dolores tempore et.',89260.86,'1970-06-09 10:59:58',19),(78,'Accusamus aspernatur dicta asperiores sit.',12376731.79,'1986-03-05 08:19:41',24),(97,'Laudantium odit et labore consequuntur consequatur.',99999999.99,'1987-12-25 08:56:07',48),(21,'Aliquid voluptatem corrupti voluptatem assumenda voluptas minima consectetur.',51733.08,'2017-10-04 04:51:15',27),(76,'Quia voluptate reprehenderit sunt.',4652176.37,'1975-04-26 07:08:28',30),(61,'Dolor deleniti dolor accusantium omnis provident nam consequuntur.',22325.07,'2014-03-07 16:46:16',32),(17,'Nostrum ut aliquid necessitatibus excepturi.',26057241.54,'1982-11-15 04:26:39',7),(98,'Cum minima sed sit repellat sunt deleniti vel.',979962.19,'1977-04-05 09:15:45',27),(68,'Enim ab quia amet rem sed.',6190.47,'1990-09-18 04:50:11',38),(72,'Ipsam perspiciatis officiis doloremque quia tenetur.',20.70,'2000-11-11 05:43:08',31),(66,'Et in voluptatem id nihil.',138.05,'1989-01-22 19:38:09',28),(94,'Ea iusto voluptas laboriosam.',213809.31,'2017-07-20 14:03:18',32),(96,'Aut tempore itaque doloremque accusantium blanditiis ex laboriosam dolores.',0.69,'1997-05-27 03:39:30',8),(56,'Accusantium nam omnis architecto repellendus quod non.',3441.00,'2015-09-27 00:48:57',34),(60,'Natus deserunt nesciunt ea sint occaecati enim sint cupiditate.',38985.74,'1994-01-15 15:15:21',40),(13,'Eveniet quibusdam quae tempora mollitia.',26.89,'2018-07-10 13:38:09',41),(17,'Praesentium in consequuntur quibusdam et vero.',114087.31,'2009-07-27 18:32:38',46),(30,'Quidem quia fugiat suscipit aspernatur perferendis accusantium.',744911.60,'2011-11-26 15:54:53',7),(85,'Maxime odit necessitatibus nihil corporis similique.',23460115.43,'1997-01-21 03:18:39',25),(65,'Ea qui dolor vel aut quia animi.',129273.06,'1975-05-05 00:09:38',31),(10,'Magni voluptatem voluptas nulla voluptatem harum hic.',1308023.89,'1971-12-13 07:20:54',13),(23,'At est aperiam et quia et consectetur.',0.84,'1979-01-24 00:16:47',13),(38,'Suscipit blanditiis ut repellendus quod officiis quia possimus quibusdam.',21721.24,'2003-12-02 19:55:17',11),(79,'Minima eius qui itaque.',4533.37,'1990-04-11 01:17:21',3),(96,'Et quas qui cumque.',30772.98,'2006-03-17 07:12:49',25),(66,'Beatae qui molestias quisquam quis.',1473622.06,'2006-04-20 02:35:10',31),(4,'Accusantium molestiae sequi incidunt at beatae.',7.39,'1999-03-21 09:52:09',30),(24,'Labore fugiat voluptatum eligendi eveniet deleniti.',64019.05,'1983-02-04 06:47:35',50),(75,'Magni dolor est aut rerum.',7687253.59,'1973-04-03 08:07:24',40),(66,'Id omnis omnis velit dolores placeat molestiae.',324940.62,'2000-01-15 22:50:58',18),(59,'Culpa iusto dicta iusto quo dolorem odit.',99999999.99,'1991-12-08 03:25:15',40),(16,'Similique iste culpa rem eveniet voluptatem.',3.03,'2010-12-01 11:19:32',38),(69,'Repellendus dolores quia accusantium ullam totam qui.',38651987.94,'2006-10-17 00:50:27',23),(88,'Necessitatibus ut eos quia sit aut.',2.05,'1976-08-03 21:08:18',27),(95,'Minima architecto sunt tempora magni necessitatibus consequuntur et.',44819.04,'2015-07-20 03:50:21',27),(15,'Nihil aut cumque quia non.',0.01,'1995-04-24 12:57:57',2),(78,'Accusamus perferendis enim doloremque totam.',1.98,'1997-01-25 14:29:26',19),(30,'Molestiae quisquam amet soluta accusamus itaque molestiae.',141.56,'1980-04-26 01:21:14',8),(59,'Est repellat officia eligendi.',465.16,'1977-01-18 18:19:29',4),(19,'Est magni consequuntur voluptatem a quia corporis perferendis.',966.62,'2000-06-08 14:19:30',27),(57,'Itaque blanditiis voluptatem veritatis quia voluptas inventore dolore.',6.53,'1977-10-11 00:16:21',43),(16,'Placeat est ut sed qui minima quos.',68057.19,'2004-06-04 07:17:59',31),(43,'Ipsum aut eum facere aut nisi ipsam.',266.76,'1982-03-08 09:19:59',20),(60,'Inventore voluptatem non iusto maxime excepturi.',3219247.83,'2020-06-16 21:35:05',9),(19,'Quia autem provident id modi.',23209601.30,'2018-10-16 19:46:19',13),(52,'Quam consequatur nam tenetur tenetur.',15745.46,'2004-03-10 13:37:22',39),(5,'Esse quam dolore atque unde.',38880781.46,'1975-06-27 00:11:56',34),(52,'Sunt dicta eveniet ad architecto quaerat eaque.',848.53,'1979-03-14 00:51:43',37),(12,'Animi qui magni voluptatem hic dolorem.',25320031.85,'1980-01-18 19:21:29',20),(27,'Consequuntur voluptas quo corporis est consectetur reprehenderit.',603.03,'1978-11-12 00:38:13',4),(91,'Eos neque pariatur consequatur officia et qui.',161.31,'1981-10-10 23:07:37',21),(11,'Ut cumque quia est ut accusamus officiis.',2498.32,'2001-09-07 20:13:51',34),(79,'Non natus numquam sed vel facilis.',0.93,'2012-03-07 01:59:38',20),(82,'Distinctio totam omnis non iusto nobis aut aut.',1.33,'2000-01-03 19:55:48',19),(47,'Voluptas expedita numquam dolores nihil sequi ullam molestiae.',28457.07,'2004-08-11 09:50:00',1),(91,'Ea reprehenderit iste sunt et cum occaecati ut rem.',172.75,'1998-01-24 01:34:28',2),(85,'Maxime et repellat illo quaerat dignissimos harum.',99999999.99,'1978-05-23 00:36:36',3),(64,'Ut eos esse quisquam laboriosam occaecati magni.',0.21,'1983-03-13 22:55:55',14),(45,'In quo hic et magni est laudantium temporibus.',498.40,'1978-10-31 10:16:03',12),(45,'Voluptas dolores qui in saepe.',8634836.45,'1995-03-13 16:36:41',32),(49,'Nostrum delectus quos totam aspernatur.',174888.49,'1973-09-29 01:44:31',49),(40,'Corrupti voluptatem quia quod ullam.',2.11,'2002-07-30 08:03:46',27),(64,'Qui atque sequi nulla nulla ducimus.',3.71,'1984-12-11 20:36:31',46),(26,'Iste nisi nulla occaecati accusantium optio voluptas non.',663120.84,'2018-10-21 20:39:52',38),(29,'Quo et molestiae non fugit et eius aspernatur.',0.34,'1984-10-10 15:17:12',27),(82,'Doloribus reiciendis eius et exercitationem voluptatem earum odit.',232.69,'1992-04-02 11:52:10',10),(94,'Dolor voluptate soluta cupiditate odio ut non.',742312.50,'2017-11-20 07:59:14',46),(86,'Assumenda soluta dolorem id odio voluptatum amet.',2.80,'1984-11-30 13:59:53',36),(32,'Et repudiandae ut veritatis dolorem aliquid.',0.93,'1999-04-10 01:36:40',34),(8,'Provident atque velit et in maiores inventore odit occaecati.',0.27,'1992-09-23 05:09:04',39),(68,'Et rerum adipisci ab consectetur animi.',99999999.99,'2018-12-02 09:34:42',49),(82,'Veniam cupiditate doloremque voluptatum.',47001.14,'1996-09-02 06:12:30',26),(3,'Aperiam quibusdam fugiat ad quia excepturi modi.',53.92,'1986-06-11 14:57:01',23),(79,'Reprehenderit labore iste fugiat consequatur.',18960.78,'1987-04-26 02:17:19',24),(69,'Beatae dignissimos voluptates quo alias fugiat minus.',3813875.08,'2012-07-11 23:01:10',12),(11,'Facilis voluptas quo asperiores dolores necessitatibus voluptas optio.',277.01,'1970-12-25 21:21:26',9),(19,'Numquam veniam ad fuga pariatur veritatis dolore similique.',110.70,'2005-12-17 21:39:54',25),(70,'Sit eum non quidem atque laboriosam ipsa est.',14813954.68,'2018-03-24 09:02:42',41),(40,'Autem velit accusantium autem veniam veritatis.',63.98,'2013-10-25 02:17:19',48),(58,'Omnis ipsa non aut voluptas doloremque.',0.11,'2010-12-23 20:18:25',34),(47,'Atque deleniti qui magni eum.',7667142.46,'1995-10-23 10:25:50',20),(87,'Similique asperiores rerum at suscipit qui ea unde labore.',74.71,'1985-06-20 14:23:56',21),(31,'Odit voluptas est iure.',5984.46,'2012-09-20 17:03:17',37),(12,'Alias quisquam ex enim optio atque ullam.',99999999.99,'1980-07-08 04:49:37',31),(40,'Quod et commodi facere.',14.06,'1976-05-10 18:30:28',10),(40,'Provident cum et esse aliquid autem totam dolorem.',51317426.07,'1981-05-26 00:35:45',4),(17,'Esse quia possimus officiis.',558.41,'2006-09-30 18:51:19',11),(58,'Repellat odit quia rerum omnis.',4346.01,'1976-05-13 08:03:38',10),(67,'Suscipit et nihil atque sed quo aut rem.',44949.59,'1998-04-09 16:27:06',18),(67,'Aspernatur voluptatem expedita itaque odit ullam totam.',255837.87,'2015-01-02 17:44:01',18),(59,'Qui necessitatibus qui et.',2005409.38,'2019-09-16 14:46:04',39),(52,'Saepe harum libero voluptatem fugiat veniam voluptatem.',7022.10,'2000-02-08 07:24:40',39),(26,'Eum qui consequatur sit porro in.',1.41,'2017-05-07 03:00:26',11),(59,'Ex eligendi culpa sed.',0.16,'1995-12-15 15:52:21',33),(16,'Qui tempora magni eius culpa ut veritatis est.',759598.07,'2015-04-05 08:26:36',8),(34,'Molestias reprehenderit non adipisci.',45425156.49,'1999-02-04 17:44:55',32),(55,'Et animi eveniet ipsum odit.',33.98,'1979-08-17 05:13:37',10),(3,'Vitae ipsam quasi voluptatem qui esse fugit nostrum.',99999999.99,'1986-05-05 21:42:35',43),(92,'Error similique optio repellendus.',1.68,'2003-03-19 19:28:22',7),(47,'Voluptates beatae magnam et quaerat.',99999999.99,'1975-02-27 03:57:09',16),(33,'Quae esse et placeat voluptatem.',8.96,'1981-07-08 00:39:24',44),(37,'Voluptatem nemo commodi ut et ut dicta doloremque.',99999999.99,'1973-10-22 21:44:05',25),(8,'Aspernatur temporibus ut iste doloribus officiis adipisci id corporis.',18070372.15,'1992-01-17 21:36:20',47),(68,'Saepe ut ut excepturi et provident.',2176.52,'2015-02-04 02:44:50',37),(30,'Ut nam nesciunt consequatur.',6.58,'2003-06-06 17:44:11',18),(8,'Laborum ipsam eos quis ut et qui.',2011963.47,'1998-01-25 19:10:02',44),(11,'Quod nihil nobis ut est qui nisi.',12469910.17,'2006-04-11 02:45:08',30),(65,'Rerum in quas et in.',60910731.18,'1970-07-05 10:11:05',19),(79,'Voluptatem quia voluptate tempora possimus iusto ad velit consequatur.',99999999.99,'1972-03-08 23:25:08',12),(2,'Qui libero qui facilis vitae illo neque.',3832.84,'2006-06-23 21:09:52',47),(40,'Repellendus ab excepturi eius rem mollitia quisquam at voluptas.',65387.82,'1971-10-14 00:11:55',18),(57,'Quia eum distinctio in.',207494.21,'2002-08-20 01:49:26',48),(55,'Voluptas praesentium non iure quidem sed similique cumque.',837.38,'2020-11-04 12:50:59',30),(80,'Et officiis beatae soluta nihil.',9046.61,'1987-04-10 18:36:14',23),(72,'Et sint veritatis ipsa eos quas.',0.87,'2011-12-30 18:06:45',14),(77,'Consequatur deserunt enim nisi aut est nulla.',2.57,'1971-03-19 09:12:40',2),(13,'Nulla enim ad hic qui suscipit perferendis eum.',7.45,'1999-12-25 08:11:24',7),(53,'Ab aut suscipit nulla at sint illo et.',4.69,'1978-03-16 10:25:54',10),(7,'Voluptas unde minus unde ullam omnis.',69639547.34,'1975-02-26 04:52:46',10),(93,'Aut enim aspernatur fugiat adipisci voluptatem nihil.',470625.31,'1982-01-11 16:55:50',19),(54,'Ut impedit harum qui est.',3294563.01,'2016-06-09 04:54:55',1),(25,'Quasi quod nisi ut illum repellendus accusantium voluptatibus.',292.74,'1990-04-25 01:07:57',33),(59,'Rerum minima labore fugit perferendis dignissimos et.',832500.67,'1973-07-05 22:25:57',45),(1,'Quos aut rerum et blanditiis in quo accusamus.',115133.71,'1979-05-14 05:16:53',19),(13,'Et enim repudiandae dolorem aliquam aut omnis ipsum.',30551992.85,'1988-06-06 15:00:10',2),(32,'Tempore numquam doloremque natus quae eveniet.',1785637.54,'2018-02-19 11:27:47',27),(38,'Blanditiis molestias temporibus neque repudiandae perferendis voluptate.',331174.75,'1970-01-22 16:48:16',44),(47,'Amet aliquid ipsa magni recusandae aut architecto dolore ipsum.',46639.10,'1992-12-20 15:55:39',46),(46,'Dolorem illo laudantium quo amet qui.',752.55,'1996-12-26 11:22:34',14),(38,'Nobis praesentium eum aut praesentium saepe.',8.25,'2010-02-15 09:35:28',9),(53,'Laudantium vitae autem molestias repudiandae et ratione.',0.13,'2016-09-30 04:05:10',7),(21,'Quia et nostrum perspiciatis voluptate impedit et qui.',42005.74,'2018-06-15 17:51:40',33),(27,'Fuga atque ratione accusantium.',226.43,'2009-02-05 09:01:15',37),(85,'Doloremque pariatur sunt itaque illum explicabo repudiandae.',2.87,'1971-11-08 10:07:27',17),(93,'Libero consequatur recusandae enim quos minima.',0.39,'1990-05-01 01:49:43',39),(71,'Ut et pariatur libero.',16500387.81,'2000-08-17 09:46:14',24),(77,'Autem earum corporis culpa laboriosam temporibus ut voluptas.',620418.88,'1974-07-11 06:53:25',48),(11,'Sequi minus praesentium a quae.',99999999.99,'1975-10-31 08:09:09',18),(84,'Quia voluptate magnam consectetur voluptas.',9901858.81,'2015-10-27 01:59:40',6),(73,'Natus veniam minus repellendus eius nihil et.',330165.95,'1995-10-22 10:52:30',49),(14,'Ipsam quos dolor iure ut a voluptas.',34801623.66,'1980-07-02 09:43:48',2),(50,'Voluptas ea repellendus et minima voluptas ullam.',6649531.75,'1984-05-03 17:04:31',26),(92,'Sapiente ut aut qui aut animi laborum qui.',103.83,'2020-12-06 10:04:59',49),(44,'Consequatur dolorem accusantium illum laborum dolores illum.',58142.46,'2003-10-08 11:40:32',19),(23,'A voluptatum voluptas dolores perspiciatis fuga earum consequatur.',0.19,'1980-06-02 04:17:15',41),(55,'Sed commodi voluptas ipsa ducimus ipsum similique.',4.45,'1988-02-05 18:18:28',38),(95,'Ea dicta dignissimos animi non et sunt.',67.49,'1981-01-20 00:41:44',38),(41,'Veniam nulla reprehenderit reiciendis.',8.97,'1999-12-13 22:20:52',11),(48,'Expedita eveniet quia tenetur doloremque inventore dicta.',979768.37,'2017-07-16 21:19:55',13),(56,'Maxime debitis porro aspernatur fuga totam placeat non.',3654745.85,'1992-04-20 13:58:47',21),(2,'Consequatur enim praesentium nemo pariatur dolore.',0.20,'1972-08-01 14:40:55',14),(87,'Et odio delectus aut aut quas qui.',15.21,'1980-08-16 19:49:27',40),(22,'Culpa sit aperiam alias eius dolores facilis.',73134.86,'2007-05-08 17:25:48',49),(14,'Quos enim adipisci ut ut nam ducimus consequatur.',51684467.44,'1972-03-10 15:07:15',3),(8,'At voluptas sed ipsum.',9.76,'1974-10-20 08:52:01',44),(2,'Sapiente porro dicta autem error quidem et totam.',117587.68,'2002-07-11 11:11:35',11),(91,'Optio amet commodi pariatur nisi ut ut et.',71.63,'2000-01-25 23:21:02',26),(74,'Est et quisquam inventore ullam minus consequuntur.',44268322.15,'2007-05-05 15:33:53',41),(48,'Nobis omnis nam ut vel et.',1.63,'1971-04-17 20:02:30',9),(19,'Veniam explicabo quisquam officia illo.',98596554.17,'1978-06-18 13:49:18',36),(98,'Enim animi nesciunt quod qui qui sit.',0.19,'2010-05-22 08:33:08',37),(46,'Modi voluptatibus ducimus voluptatem corrupti.',5864282.48,'1994-09-16 01:18:01',47),(48,'Quo rerum sunt voluptatem molestias eveniet quas qui.',6567951.30,'1993-06-23 18:28:35',44),(15,'Quam vel odit atque et voluptatem veniam beatae.',6199.04,'1988-01-26 14:03:22',48),(11,'Fugit alias sed sint rem dolore maiores rem.',99999999.99,'1977-07-03 08:23:52',36),(36,'Laudantium id nihil officiis.',418.19,'2016-10-16 03:48:07',7),(97,'Eum aut voluptatem aliquid quo.',23398.65,'1985-09-20 16:13:25',11),(91,'Minima dolorum quia maxime nobis ex quo illum.',34.70,'2015-07-17 15:49:38',9),(19,'Aut esse odit eum provident ipsam.',189486.24,'1981-03-11 04:18:02',3),(23,'Nihil aut autem dolores omnis exercitationem.',27499.77,'1988-06-14 06:29:12',14),(91,'Molestiae sit facere earum perferendis assumenda veritatis vel.',47.66,'1997-02-04 16:20:35',13),(49,'Est qui omnis ut sed.',0.76,'1998-12-20 08:11:14',41),(76,'Et nostrum et omnis quibusdam eligendi commodi magnam.',3282.47,'1984-11-26 01:51:40',11),(64,'Autem qui dicta aut voluptates vitae.',0.02,'1991-05-30 21:54:06',12),(39,'Quam omnis in quos tempore est quo sit dolorem.',0.98,'2009-03-11 10:45:13',41),(95,'Voluptates vitae nam quae exercitationem ut.',840974.54,'2005-06-03 11:43:00',18),(55,'Eveniet tempore rerum ut et vel ut magni facilis.',0.83,'1989-05-20 12:44:24',21),(29,'Esse velit enim sit perspiciatis quae consequatur voluptatem.',99999999.99,'2016-11-28 12:19:24',2),(27,'Odit nihil aliquam natus eius dolorem rerum.',62270579.50,'1981-12-03 23:01:32',22),(98,'Autem magnam tenetur quas voluptates eum.',6394676.30,'2005-05-02 22:11:05',19),(13,'Eum aliquid beatae quia numquam consequatur.',1603.31,'1983-06-30 06:52:01',17),(50,'Est perferendis similique quam possimus quo.',9885049.57,'1976-01-31 15:58:53',5),(55,'Velit delectus a voluptatem laborum commodi deleniti quia.',3250.35,'1979-06-06 14:41:22',20),(27,'Ab sed dolorem minima ipsam.',20710468.93,'2017-05-14 05:55:12',37),(45,'Dolorum fugit fugit aut eligendi dicta sed.',415.15,'1992-09-24 17:59:24',25),(99,'Pariatur ratione at quas perferendis vero quo possimus.',2525815.67,'1983-06-26 22:40:03',18),(74,'Voluptatum architecto et quo.',1.00,'2019-07-10 06:46:36',24),(17,'Molestias et est nostrum et facilis enim quo.',1.25,'2010-11-23 05:12:07',25),(69,'Recusandae incidunt culpa rem et cum error voluptas.',0.11,'1981-09-08 23:00:00',40),(74,'Veritatis distinctio et omnis accusantium rerum.',57601.21,'1980-06-07 21:18:03',4),(62,'Quas porro quod maiores odio.',249419.43,'1983-04-03 09:41:23',34),(42,'In animi blanditiis ut iure veniam enim.',10731621.83,'2014-08-07 05:49:38',8),(9,'Soluta ut aut quos.',552824.41,'1977-10-10 18:49:26',35),(18,'Culpa tenetur totam perferendis facere et ut perspiciatis.',2.95,'1987-03-14 16:30:20',18),(13,'Odit ea debitis possimus quis eum culpa.',8.37,'1986-12-21 14:25:07',8),(72,'Qui temporibus eligendi ea sint.',2409.15,'2010-04-22 19:54:08',13),(48,'Eum corrupti sit ratione voluptatum adipisci.',443.62,'2005-05-15 05:01:38',11),(34,'Non et rerum exercitationem est velit in sed.',20552.79,'2007-05-15 11:35:51',2),(61,'Tempore temporibus nulla rerum qui et neque.',39.81,'2019-04-02 23:00:06',31),(75,'Corporis cumque rerum non quasi sit dicta magnam.',57.13,'2007-11-10 05:50:01',3),(10,'Dolore saepe aspernatur fuga impedit aut.',4104.17,'1998-01-30 15:47:39',37),(41,'Est et id aspernatur id.',11066573.72,'1972-06-05 00:11:19',42),(21,'Omnis deserunt facilis ipsum dolorem deserunt deserunt.',249586.10,'1974-06-10 03:29:05',29),(33,'Quia alias iste quisquam vero labore molestiae facilis iste.',169.07,'1978-11-15 00:59:56',45),(36,'Est voluptatem ullam ea.',84447.60,'1973-02-26 15:49:42',3),(95,'Nam et dolorem autem animi eum eum.',22.74,'2013-11-27 11:19:16',49),(74,'Et enim in aut velit.',1.43,'1970-09-13 23:58:26',19),(13,'Deleniti neque ea error.',0.87,'1985-01-13 21:07:48',41),(7,'Impedit delectus blanditiis rem doloremque.',7318.37,'1983-10-24 10:32:57',16),(17,'Ratione sed reprehenderit debitis autem iure.',470291.69,'2003-01-03 15:08:13',10),(47,'At et suscipit labore tempora.',2361153.34,'1980-07-01 04:08:06',45),(44,'Repellendus ea iste est similique.',15.76,'2002-04-20 02:28:20',47),(10,'Laboriosam vel reiciendis minima cum.',0.48,'1983-07-12 16:57:02',39),(96,'Voluptatem laborum eos magni veniam dolore nostrum.',11136.57,'1997-10-17 09:28:15',36),(38,'Sequi numquam tempore molestiae recusandae cumque id enim quaerat.',99999999.99,'1985-05-16 05:26:52',36),(76,'Voluptatem et id ad autem velit ea.',36.17,'1982-07-08 10:27:27',24),(44,'Explicabo quas numquam ratione placeat.',204.52,'1977-03-23 04:20:21',8),(31,'Et facere quidem quia et.',4726972.00,'1997-02-09 17:55:49',32),(72,'Placeat illum laboriosam atque sed sunt laboriosam asperiores maxime.',612.29,'2013-06-24 16:08:12',32),(53,'Quis fugit eum neque autem ullam.',11699.88,'2020-08-10 01:59:54',4),(69,'Qui doloremque aperiam illo saepe harum.',234.70,'2014-12-24 07:25:52',24),(5,'Vel quidem ipsum consequatur ducimus voluptate earum.',36780754.44,'2014-11-07 08:51:29',22),(85,'Inventore eum qui officiis sint asperiores voluptatum et suscipit.',0.24,'1985-07-03 19:59:04',9),(25,'Quia tempore id earum tempora.',0.85,'1997-04-15 06:22:13',46),(49,'Blanditiis soluta illum temporibus.',38.37,'2010-09-15 19:07:09',21),(10,'Eos cum assumenda sed dolores ea consectetur.',1.82,'1970-06-25 10:39:46',48),(30,'Omnis et nihil nisi natus optio.',56652182.28,'1992-10-14 02:27:18',27),(89,'Quia fugit repudiandae qui sunt commodi quam.',2132193.34,'1978-05-30 03:31:56',20),(31,'Reprehenderit illo quae qui ut officia et voluptas.',0.38,'2016-12-18 19:47:04',43),(10,'Aliquid est quo sit consectetur sed accusamus qui.',0.36,'2008-01-01 13:03:42',34),(55,'Et autem iste quia sunt quia.',70.98,'1993-02-12 00:06:55',43),(16,'Molestias perspiciatis nemo itaque odio nihil.',973.63,'1998-04-09 12:26:43',50),(1,'Eveniet optio est repellat ut quam alias.',99999999.99,'1993-07-17 17:35:11',23),(63,'Atque velit eius optio sit cupiditate nulla.',44.25,'1981-02-02 20:16:46',37),(9,'Aspernatur asperiores quibusdam recusandae ea.',7544.51,'2004-07-17 08:37:41',8),(80,'Facilis tempore natus voluptatem optio odit quaerat.',84.41,'1999-08-27 15:04:42',39),(63,'Aut rem laboriosam nesciunt ullam.',67.48,'2018-07-04 13:44:50',43),(20,'Et quis nobis sit nemo aut quasi corporis.',2532967.22,'1995-10-10 04:44:21',24),(3,'Et sed consequatur illo rem aliquid ut sed odio.',99999999.99,'2008-08-30 01:53:43',22),(38,'Quam eos rerum rerum.',2639679.46,'1984-01-22 07:53:55',26),(85,'Vero qui minima molestias officia.',11.74,'2021-01-23 17:14:51',24),(45,'Nulla quaerat corporis labore perspiciatis eaque quaerat et commodi.',716676.15,'1992-07-12 04:39:02',7),(100,'Aliquam quas iste odio laboriosam libero commodi molestias.',4750.86,'2017-02-10 02:02:52',17),(53,'Vitae deserunt repudiandae esse et rerum.',2401491.31,'2008-07-18 02:38:06',16),(18,'Omnis sed harum sint ab non.',0.84,'2009-07-19 13:19:23',31),(98,'Nulla aliquid doloribus perferendis veritatis magni.',3248.17,'1970-04-28 10:45:32',37),(47,'Illo odit esse culpa quia doloremque sint est.',99999999.99,'1998-08-15 15:22:13',7),(71,'Harum beatae velit eum sint et sit fugiat.',0.91,'2019-10-31 22:53:43',24),(59,'Perferendis ipsa non qui quia magnam neque qui.',1620823.76,'2016-04-17 01:42:19',17),(20,'Rerum quae impedit ducimus qui.',38513062.33,'2006-08-03 03:10:19',34),(48,'Perferendis ullam accusantium sit.',260.17,'1988-02-22 05:40:13',50),(44,'Et aut minima dolor soluta rerum officia.',81540842.62,'2019-08-22 00:11:41',6),(84,'Non quas et mollitia.',146121.75,'1979-02-25 12:57:19',32),(57,'Facilis dolorem et asperiores quaerat.',5024.75,'2013-11-25 23:56:46',43),(7,'Rerum harum quam repellendus et aut quibusdam.',99999999.99,'1980-07-08 01:53:25',47),(37,'Ad magnam iusto omnis quam accusantium qui aperiam.',99999999.99,'1980-11-29 22:40:36',46),(41,'Fuga quia sit labore quia culpa cumque id.',11771362.47,'2018-05-24 19:47:15',41),(6,'Et dolor qui omnis dicta nostrum enim doloribus.',210.36,'1988-07-02 08:17:24',20),(15,'Voluptas deserunt alias id.',644271.93,'2007-11-22 16:38:19',30),(70,'Aperiam assumenda delectus vero est.',72.58,'1993-02-05 16:02:45',17),(21,'Dolorem quam commodi autem omnis quis corporis.',28113.51,'1987-11-10 11:33:44',34),(5,'Itaque facere explicabo sapiente quia nemo.',196.45,'2014-01-15 03:03:24',34),(81,'Nulla inventore tempora illo saepe est quia in facere.',57603728.75,'1971-10-19 08:23:24',38),(15,'Impedit et inventore cum dolor non qui.',0.19,'1983-01-18 01:36:05',20),(8,'Cum id qui quia explicabo molestias vel.',354177.03,'1983-06-26 00:05:26',17),(6,'Voluptatem ipsa earum quo quidem voluptate sequi.',131.37,'1986-10-14 06:27:52',28),(33,'Sed aut consequatur adipisci repudiandae soluta fugiat et.',2457505.50,'1998-02-01 14:09:48',25),(66,'Similique animi ab tempore deleniti.',5058.91,'1986-12-18 01:19:59',9),(12,'Similique quibusdam similique sed debitis corrupti tenetur omnis.',23946.21,'2009-09-25 15:03:56',12),(2,'Nihil quam asperiores non.',84.98,'1995-02-14 10:19:42',10),(17,'Sit molestias perferendis ad minima cumque et.',32.89,'1982-01-07 10:12:52',20),(10,'Exercitationem ut fugiat earum.',5054.43,'1981-02-25 13:02:30',29),(20,'Illo vero asperiores iste dolorem vero.',1022493.86,'2002-11-06 16:38:36',8),(96,'Asperiores aliquid temporibus nam tenetur voluptatem.',2244.29,'2007-10-19 04:04:09',17),(74,'Enim excepturi blanditiis dolores.',12.32,'1977-06-14 23:43:59',33),(66,'Enim vel et in expedita qui commodi dolorem.',129999.89,'2005-09-01 15:49:27',47),(34,'Sapiente officiis ullam excepturi.',1707289.97,'2015-01-10 20:53:27',36),(61,'Ad occaecati rerum non.',82439.81,'2011-06-18 21:22:38',8),(46,'Accusantium et molestias quas consequuntur non ab facere.',3406.44,'2019-08-13 18:35:29',38),(54,'Non modi dolor dolorem praesentium a est.',907007.16,'1973-08-13 21:34:04',27),(8,'Est nesciunt tempora sit molestiae assumenda exercitationem.',74987.03,'2000-06-17 21:53:34',30),(10,'Autem repudiandae est sit vel nostrum nihil ducimus quia.',359.76,'2017-03-29 15:21:21',21),(8,'Veniam voluptatem illo incidunt explicabo qui.',49.90,'1981-11-20 23:20:34',38),(57,'Nam ipsum enim voluptas veniam asperiores odio.',156.97,'2002-02-13 21:59:29',10),(98,'Atque nihil et fugiat animi repellat dolorem harum fuga.',4690127.32,'1986-07-05 06:59:28',30),(38,'Et mollitia ut deserunt vel ex repellat nulla.',0.33,'2005-06-01 05:10:05',7),(97,'Repellendus vero consequatur consequatur voluptatem.',95827.54,'1983-12-08 09:33:36',24),(70,'Saepe voluptatem quo maxime ut sed iure.',468739.21,'1998-10-23 22:46:58',9),(63,'Quibusdam est incidunt aut consectetur aut odit ea incidunt.',295.00,'1993-01-29 05:31:16',33),(50,'Ut hic eos blanditiis.',9521.52,'2011-07-31 10:13:00',18),(32,'Quidem modi non aut laboriosam laborum ut omnis.',33149932.75,'1975-03-19 23:44:00',8),(30,'Animi nesciunt illo et repellat ut nihil voluptas.',2.82,'2018-11-11 07:00:13',33),(87,'Sunt officia odit blanditiis et vel non consequatur.',75632290.21,'2005-10-06 21:43:43',45),(80,'Eum eaque error est non veniam culpa.',99999999.99,'1998-11-19 05:29:03',16),(65,'Et aut tempore qui ratione.',174866.22,'2003-08-25 05:17:12',17),(85,'Aut et dolores odit aut.',99999999.99,'1983-04-16 21:08:00',36),(92,'Aut voluptatem voluptatum voluptatem magni officia ex in laborum.',12971.26,'1975-01-19 20:39:06',47),(13,'Quia aspernatur adipisci nostrum.',0.44,'1978-05-03 06:56:46',50),(69,'Itaque quis nulla veritatis velit mollitia dolorum iure.',2.91,'2010-11-21 08:36:49',35),(19,'Ducimus ullam doloribus quasi ducimus.',2041.88,'2007-01-09 19:51:12',34),(28,'Impedit sunt illo dolorum nihil facere velit.',317.10,'2003-11-02 23:05:01',28),(80,'Nihil et et sed natus ullam.',75822762.65,'1993-12-23 23:33:54',12),(4,'Quis debitis alias omnis quod dignissimos est autem et.',264009.64,'1978-08-03 11:18:31',25),(40,'Dolor aperiam sunt aut odit in totam alias ut.',3330.27,'2011-10-07 23:44:45',33),(16,'Vel magni nam id quia doloremque dolore rerum velit.',1564828.35,'1993-03-27 10:34:01',45),(2,'Accusantium asperiores modi enim minima.',331.41,'1977-09-19 12:23:28',24),(6,'Iure autem et ullam nam soluta.',47080410.06,'1986-08-12 20:29:03',16),(12,'Pariatur nulla unde voluptas non quidem aut.',3617797.79,'2010-04-13 14:04:53',47),(21,'Ea eligendi sed ut eaque praesentium sunt eum.',0.84,'1987-02-11 22:43:11',46),(24,'Soluta error quo nostrum sint nesciunt.',17.22,'1980-04-08 20:44:21',43),(24,'Similique soluta voluptatibus corrupti.',0.48,'2001-09-07 19:13:08',5),(57,'Quod quaerat eaque aperiam accusantium.',129.69,'1995-08-23 07:37:03',8),(3,'Exercitationem consequatur omnis animi repellendus eligendi mollitia.',1.47,'1991-12-18 06:10:39',35),(14,'Nobis ratione perferendis voluptas ullam blanditiis nemo est.',7055.21,'2003-05-24 19:38:28',36),(38,'A aut corporis possimus aut.',49099648.12,'1986-07-28 01:16:51',17),(38,'Hic eligendi repellat sit autem.',39810579.90,'1997-03-07 03:35:02',33),(89,'Ex quas error quos incidunt.',7.31,'2015-10-03 03:55:22',9),(89,'Ab repudiandae excepturi ut odit rerum nostrum.',1812.83,'1996-01-29 16:10:23',46),(67,'A nisi saepe beatae qui.',0.69,'2011-11-02 17:05:17',15),(57,'Voluptatum deserunt architecto deserunt eos.',39.53,'1980-11-06 02:10:08',41),(19,'Qui quasi autem facilis sed animi rem nostrum.',0.58,'2019-05-16 05:51:53',30),(29,'Pariatur maxime magni corrupti saepe.',1.00,'1980-03-11 15:14:22',13),(90,'Reprehenderit inventore quisquam et possimus magni doloribus qui.',434214.32,'1970-02-12 17:11:01',20),(17,'Sapiente veritatis aut voluptas animi temporibus nemo.',830488.02,'2010-07-07 18:07:19',5),(30,'Dolorem error sunt deserunt earum quis.',6.87,'2000-06-19 23:15:03',21),(94,'Libero blanditiis earum est et praesentium placeat.',587.83,'2012-07-15 09:56:01',27),(49,'Exercitationem exercitationem vero maxime doloremque.',11.53,'1981-07-21 00:08:12',26),(68,'Deserunt eum corporis iure explicabo aut.',0.60,'1999-01-09 13:41:24',26),(19,'Sequi maiores doloremque quo omnis occaecati.',454461.22,'2015-02-19 12:24:16',41),(22,'Et rerum eos quo blanditiis explicabo at molestiae.',14.25,'1982-03-21 02:57:23',28),(15,'Accusamus ipsum placeat est et.',271.87,'2010-03-01 06:19:55',30),(21,'Ea nihil harum dolorum voluptas voluptatum.',0.38,'1977-02-27 02:51:57',2),(77,'Reiciendis dignissimos sed est eaque tempora.',1426917.61,'2001-09-12 13:21:58',5),(94,'Iste repellat impedit nemo non modi non ipsam.',0.12,'1985-06-12 00:15:51',22),(38,'Voluptates eos nobis velit est.',765.43,'1998-01-04 11:01:46',26),(25,'Quos ut soluta id eos.',26273879.57,'1999-07-21 07:41:00',28),(10,'Qui iusto facere labore accusamus quibusdam autem.',606281.75,'2004-10-27 08:36:15',27),(80,'Unde consequuntur odit sapiente quam cum voluptas.',2.76,'1975-01-05 05:43:05',50),(93,'Sequi temporibus et quia reiciendis sunt harum dignissimos.',3859.42,'1994-06-28 20:43:03',49),(8,'Nostrum ducimus ex ea omnis.',4976.02,'2006-10-22 04:32:24',12),(37,'Iure ipsa illum doloribus asperiores qui.',253.24,'2018-04-27 11:08:47',1),(76,'In voluptas aliquid similique.',0.07,'2019-04-19 01:43:25',43),(52,'In voluptatem et earum aut.',2801560.34,'1990-09-12 15:42:30',22),(36,'Est eaque aut voluptas nulla.',521.51,'1991-11-21 09:13:02',36),(26,'Neque dolore maiores unde quae quis odit nemo.',57932928.35,'2001-08-02 06:08:19',29),(27,'Omnis velit et qui quod itaque.',99999999.99,'2002-08-09 12:21:57',20),(17,'Quidem nesciunt qui amet molestiae qui consequuntur maiores.',13907.30,'2006-08-28 20:36:47',24),(42,'Qui vel nihil fugiat sit et quo hic.',15522843.97,'1982-08-08 18:26:41',47),(56,'Totam rerum accusamus alias optio.',21169285.43,'2017-07-19 21:09:16',18),(37,'Amet perferendis pariatur iste doloribus.',0.82,'1971-09-02 19:25:32',47),(87,'Laborum dolorem nobis alias neque magni.',1517.41,'2006-03-18 05:35:05',31),(48,'Sed dolorem ex molestias et.',9438.62,'2004-12-10 20:07:40',48),(15,'Et aspernatur voluptate ea impedit quia provident.',74.86,'2003-12-29 12:15:27',14),(94,'Deserunt non neque ipsam sunt.',66863418.27,'2007-10-24 20:17:39',4),(24,'Ipsa facilis qui qui ex aut.',159.77,'2005-02-01 20:44:05',1),(30,'Maiores eos laudantium accusantium neque.',2382102.96,'1971-07-07 01:02:46',30),(3,'Dolore maiores dicta veniam atque possimus adipisci.',58683.12,'2014-01-03 23:55:59',3),(45,'In est doloremque rerum repellendus.',0.44,'1983-11-09 18:25:35',28),(50,'In ut eum ipsa eius dolorum vitae molestiae non.',3.81,'1991-09-03 15:07:27',40),(25,'Eaque veritatis et non error iste.',64.17,'1995-10-20 17:33:35',38),(38,'Sed eos quaerat recusandae sed saepe animi qui.',1.17,'1994-12-18 01:46:17',26),(14,'Odit placeat dolores quia veniam sit.',377.75,'2000-02-09 11:41:29',27),(98,'Quo dolorem ex voluptatem consequatur.',37.95,'1991-06-29 11:18:23',28),(47,'Corrupti molestias ut non sit ut et ad placeat.',2.08,'1993-02-03 23:09:20',27),(91,'Nobis doloremque neque voluptatem numquam est modi consequuntur.',4.15,'2000-01-23 21:04:58',42),(45,'Sed possimus quas consequatur sed voluptatem fugiat inventore officiis.',4872500.76,'1976-01-20 02:06:24',39),(45,'Eligendi minus sapiente dolores perferendis dignissimos eligendi.',5566.96,'2017-07-29 12:52:03',47),(73,'Sed sed perspiciatis fuga est quia.',84.00,'1972-04-07 16:42:29',30),(21,'Molestias corrupti voluptatum accusamus sapiente quam laboriosam et.',4541.07,'2017-05-13 01:29:17',33),(67,'Eos laboriosam rerum sint esse.',443.74,'2013-12-06 12:18:33',22),(67,'Ut molestias ipsa dolores nostrum.',482.66,'2001-07-10 17:43:07',49),(4,'Nobis deserunt eos nemo eum aliquam veniam est.',1.00,'1979-11-04 08:56:08',35),(3,'Aut aliquid assumenda libero beatae vero ipsa ut deleniti.',0.11,'1986-01-08 11:27:04',24),(24,'Tempora voluptas consequuntur molestiae sed atque.',9509844.58,'2013-04-23 22:40:30',26),(27,'Dolores id sit dolorem dolorem voluptates deleniti.',135859.59,'1973-12-19 21:16:22',24),(26,'Consequuntur ab sed voluptas iure est maiores cumque.',318642.53,'2020-04-20 15:15:55',33),(99,'Id vel sed repudiandae.',5.18,'1997-01-10 11:20:49',20),(18,'Est voluptates et dolorem repellendus.',7.63,'1992-07-31 20:28:04',48),(95,'Nostrum quis accusamus esse aut recusandae est molestiae.',72305261.28,'1994-06-13 04:18:47',33),(48,'Placeat amet incidunt repudiandae numquam.',1163.77,'1995-11-26 13:05:44',43),(49,'Provident vero inventore sunt eligendi dignissimos.',946.63,'1978-01-02 19:00:26',47),(63,'Dicta optio maxime nemo.',1708838.15,'1972-09-27 19:22:01',47),(85,'Officiis aut ut ea adipisci qui.',99999999.99,'1999-03-31 20:26:28',18),(53,'Occaecati pariatur qui iure alias velit omnis quidem dolores.',242.59,'1971-06-05 16:45:55',3),(1,'Saepe consequatur expedita omnis voluptates voluptates ut.',531113.15,'2013-03-05 07:41:03',10),(49,'Officiis voluptas accusantium laudantium eligendi aut enim eos.',5.94,'2014-12-07 19:57:46',34),(17,'Qui cum voluptatem magni ipsa ab nihil neque.',58311995.94,'2015-11-23 18:48:28',26);
/*!40000 ALTER TABLE `markets` ENABLE KEYS */;
UNLOCK TABLES;

--
-- Table structure for table `orders`
--

DROP TABLE IF EXISTS `orders`;
/*!40101 SET @saved_cs_client     = @@character_set_client */;
/*!40101 SET character_set_client = utf8 */;
CREATE TABLE `orders` (
  `users_id_account` int(10) unsigned NOT NULL,
  `orders_type_id` int(10) unsigned NOT NULL,
  `open_at` datetime NOT NULL DEFAULT current_timestamp(),
  `persent` decimal(5,2) unsigned NOT NULL,
  `initial_sum` decimal(17,2) NOT NULL,
  `interval` int(11) DEFAULT NULL,
  KEY `fk_orders_users1_idx` (`users_id_account`),
  KEY `fk_orders_orders_type1_idx` (`orders_type_id`),
  CONSTRAINT `fk_orders_orders_type1` FOREIGN KEY (`orders_type_id`) REFERENCES `orders_type` (`id`),
  CONSTRAINT `fk_orders_users1` FOREIGN KEY (`users_id_account`) REFERENCES `users` (`id_account`)
) ENGINE=InnoDB DEFAULT CHARSET=utf8;
/*!40101 SET character_set_client = @saved_cs_client */;

--
-- Dumping data for table `orders`
--

LOCK TABLES `orders` WRITE;
/*!40000 ALTER TABLE `orders` DISABLE KEYS */;
INSERT INTO `orders` VALUES (21,4,'1993-07-19 22:42:43',13.60,35923933.64,6),(20,2,'1993-09-26 21:50:46',13.90,119858745.93,540),(57,3,'2007-10-15 12:43:43',14.36,131399.88,378),(7,3,'2017-11-13 04:51:38',14.43,7.83,339),(81,1,'2020-12-15 23:59:41',2.69,1475.54,565),(46,2,'2002-10-04 12:58:00',13.15,699433.10,65),(9,2,'1987-08-17 08:46:38',4.83,23567507.88,448),(57,2,'2002-11-13 14:45:53',1.72,316.33,199),(49,3,'1999-01-09 08:06:23',4.07,6024.00,358),(77,4,'2013-08-09 03:01:56',4.84,1166.00,234),(75,2,'1988-04-18 23:47:19',2.90,21461.36,45),(62,1,'1985-08-24 22:07:00',5.83,18634.00,79),(55,3,'2009-07-20 17:13:14',14.17,1877269.92,263),(99,2,'1972-12-27 19:03:38',16.02,134732498.49,244),(27,3,'1998-07-19 08:11:14',11.77,23.37,246),(25,2,'1989-07-01 01:23:33',12.44,2634587.64,16),(49,2,'1975-08-26 19:15:23',7.85,9545194.99,15),(73,1,'2013-08-20 16:42:11',18.63,5880063.70,549),(7,4,'1993-11-02 04:33:14',18.09,95616083.80,515),(66,4,'1992-09-20 16:03:37',11.17,56818680.60,72),(97,1,'1988-03-23 15:44:14',6.91,3463120.25,146),(19,1,'1995-11-21 17:30:34',6.41,415941369.38,231),(46,3,'2017-02-10 04:18:33',18.02,77923.27,372),(46,4,'1996-02-14 07:53:14',17.68,29500004.96,404),(32,1,'2015-08-16 05:38:47',2.92,22427757.46,409),(74,1,'1991-05-22 03:59:35',10.44,72101.50,138),(59,2,'1975-05-31 23:52:54',13.25,112018115.28,533),(24,1,'1977-04-04 15:33:14',14.77,2.17,35),(9,1,'2015-09-21 21:45:00',15.20,109.00,590),(44,2,'2018-05-03 14:07:00',5.66,632392.30,325),(74,3,'1972-02-13 05:21:42',2.64,1.07,435),(82,1,'2007-01-12 19:17:56',15.41,158.11,246),(14,3,'1989-03-12 13:17:15',14.91,866811780.49,404),(28,1,'1989-03-17 15:17:17',16.18,35442.00,371),(33,4,'1982-05-04 00:05:21',7.97,11208.29,533),(7,2,'1984-05-10 11:41:42',10.51,7.88,421),(4,1,'1994-09-02 05:54:04',15.08,278932.53,483),(35,2,'1983-07-31 01:56:20',1.33,2474892.64,97),(99,4,'1998-03-08 16:57:14',3.18,882978.00,187),(45,2,'1973-12-02 15:07:21',10.30,0.20,565),(3,1,'1997-01-26 10:15:26',19.33,8947.42,242),(36,3,'1979-06-09 23:05:04',6.93,62.75,384),(53,3,'1981-02-12 13:19:35',16.32,3125797.77,97),(74,3,'2003-10-28 20:35:45',8.96,0.00,391),(83,1,'2006-03-15 01:53:42',12.53,23242176.30,384),(96,3,'1995-12-01 15:12:47',3.28,32136.00,339),(87,4,'1998-06-07 07:16:57',8.95,55.50,123),(79,4,'1989-01-29 22:14:38',6.82,32269444.35,511),(31,1,'1975-01-15 14:40:07',19.32,77856759.20,144),(20,3,'1997-12-19 21:18:25',16.23,1.19,224),(100,2,'1992-03-23 13:54:00',19.46,281.20,133),(93,1,'1981-09-29 12:59:09',14.49,2866.74,33),(50,2,'1997-10-16 02:20:28',4.73,36872650.70,342),(54,2,'2014-10-01 19:51:31',1.56,25404958.85,87),(7,4,'1991-08-20 21:36:49',18.33,696810.86,502),(79,1,'2000-05-12 17:02:21',2.39,1.14,528),(16,1,'1987-12-03 00:05:59',12.58,0.00,32),(70,3,'1996-01-28 21:02:02',3.44,12698998.00,198),(74,2,'2003-02-11 09:46:15',7.61,4.50,383),(30,3,'1974-04-27 00:30:55',2.16,168.58,211),(62,1,'2012-04-08 03:55:39',12.38,94144946.32,454),(13,2,'1982-02-04 00:09:56',1.62,50.54,73),(2,4,'1970-11-03 18:27:10',1.41,36651283.24,593),(47,2,'1984-11-22 19:09:46',9.00,2003376.40,32),(97,3,'1982-07-02 10:34:30',4.62,43164.98,253),(96,4,'2015-10-27 17:55:13',11.86,21097864.93,429),(91,4,'1990-03-02 08:39:44',11.79,13120.60,440),(100,2,'1979-08-26 09:48:10',10.45,31421247.74,323),(14,3,'1987-12-05 02:33:11',6.14,976.53,349),(89,1,'1995-12-09 00:09:10',16.53,92243.92,102),(51,3,'2007-08-25 01:07:10',18.93,3997614.64,470),(30,3,'2018-10-30 16:12:52',10.72,44883.70,443),(81,4,'2004-03-01 20:43:14',5.38,0.00,251),(35,3,'2020-01-22 22:54:16',18.67,48676291.30,229),(43,3,'1970-08-27 23:57:28',14.83,0.00,42),(11,1,'2009-03-16 18:04:29',18.97,350274.38,555),(89,1,'1981-05-30 22:36:35',16.77,1910866.08,200),(51,4,'1973-02-05 06:54:53',2.22,318.60,359),(14,4,'1998-05-05 09:31:44',4.23,812.00,222),(22,1,'1971-07-17 11:00:35',4.87,21967.30,82),(63,1,'2011-12-18 23:15:49',18.18,0.00,339),(7,3,'2019-08-03 14:45:11',17.25,135626908.06,550),(5,1,'1988-02-24 05:15:43',18.90,1.58,301),(94,1,'1997-09-15 19:51:20',9.28,209659.51,386),(59,4,'1973-11-11 17:56:38',6.42,0.00,550),(39,1,'2006-02-15 07:18:24',16.74,2838.86,186),(49,3,'1996-05-22 08:35:47',6.56,1.92,423),(76,2,'1994-10-13 07:46:38',19.44,84146886.00,168),(67,1,'1977-04-05 11:33:38',14.85,27.27,310),(83,1,'2011-12-23 23:49:25',6.89,24.68,122),(74,4,'2003-02-05 21:25:11',7.66,480338.75,175),(12,3,'1975-10-21 13:26:34',18.36,31.30,314),(16,3,'1986-06-10 14:17:42',16.20,8310483.04,524),(52,2,'1978-08-07 01:37:20',8.81,7030.65,192),(59,3,'1974-09-19 01:22:32',2.10,21.03,433),(39,1,'1998-08-28 15:49:57',4.16,20549441.83,364),(90,2,'1991-02-16 04:15:38',9.54,24181850.52,552),(75,4,'2008-01-05 22:09:27',3.45,112503172.07,169),(51,3,'2019-12-30 16:21:36',13.38,0.00,93),(13,1,'1998-11-25 13:49:46',17.63,4462.52,577),(50,3,'2004-12-21 10:19:08',11.33,2858.05,510),(20,4,'1974-12-09 16:10:57',14.63,549086.84,104),(20,4,'1970-12-19 18:21:57',14.75,21771.18,472),(27,4,'2018-05-21 14:17:11',13.11,304475148.00,134),(6,1,'2000-11-15 09:28:57',10.80,43441.00,223),(95,4,'1991-12-23 19:55:35',16.81,17330.88,463),(2,1,'1982-04-05 00:41:19',18.81,456876.20,293),(42,1,'1971-11-14 01:23:15',6.92,326992917.27,464),(69,4,'1970-08-19 06:43:33',16.83,78539.68,46),(46,2,'2005-02-04 20:13:42',5.79,0.00,274),(66,4,'2018-07-01 18:13:44',19.26,7940.22,509),(49,3,'1987-11-08 01:37:44',13.69,359506.14,108),(29,1,'1984-08-30 09:28:05',18.89,16242784.74,457),(50,4,'2009-08-13 06:34:37',1.80,7996.74,516),(92,3,'1992-03-09 23:52:06',11.90,0.00,324),(90,2,'1991-08-03 10:11:09',14.87,490569823.83,371),(14,1,'2002-08-23 21:20:28',10.62,512355.40,49),(39,2,'2002-01-25 08:04:35',2.68,36031092.00,490),(5,3,'2009-06-13 08:47:13',14.12,7255951.40,455),(19,1,'1987-10-08 18:28:29',4.92,2804.19,164),(74,1,'1976-10-25 21:32:41',17.07,2571.80,453),(90,3,'2016-09-27 00:55:37',4.54,491.65,236),(20,2,'1984-05-31 07:37:32',11.35,60.27,463),(92,4,'2008-03-14 14:07:11',13.39,779.20,301),(24,2,'1972-04-08 11:23:32',17.28,240.60,390),(16,4,'1978-08-09 10:34:08',16.26,164.01,419),(22,3,'2002-12-16 03:30:33',1.19,5315.00,129),(45,3,'2008-10-08 16:36:38',10.24,558519990.90,112),(88,4,'2020-08-10 02:09:57',18.68,30.51,378),(31,4,'1997-12-27 18:27:07',13.28,96.74,192),(57,1,'2020-02-10 21:45:23',18.91,1028.90,486),(20,3,'1993-04-25 02:43:23',17.07,1946271.40,326),(29,3,'2011-01-21 18:58:25',8.01,6.00,377),(4,2,'2009-07-10 18:03:15',16.60,46.50,481),(22,1,'2008-07-31 08:29:57',10.20,1.90,43),(43,4,'1993-07-08 20:44:03',17.61,46.73,79),(36,2,'1990-08-18 10:29:19',16.23,2.63,47),(70,3,'2002-11-02 16:37:46',17.41,30509919.19,154),(62,3,'1977-12-31 14:15:24',17.86,26773493.72,550),(43,4,'1998-07-06 16:30:56',11.85,3.60,464),(100,3,'2008-06-22 01:39:52',6.54,1.10,64),(74,1,'1989-07-14 11:27:18',4.04,3634.34,510),(22,1,'1978-09-06 01:01:35',14.56,566553.40,200),(72,1,'1971-09-23 08:46:37',11.05,72980.11,430),(13,1,'1972-12-09 00:19:49',13.13,3.50,123),(88,3,'2014-02-03 15:05:13',17.23,47033.80,268),(22,1,'1992-05-29 16:10:01',11.08,24332892.34,252),(40,2,'1971-10-28 03:56:40',15.53,10779.62,223),(65,2,'1984-09-26 21:14:22',6.07,0.00,587),(83,4,'1999-10-08 22:25:07',8.64,199156954.13,57),(65,2,'1978-01-14 03:21:58',16.20,787.80,101),(82,1,'2013-11-14 15:24:41',16.01,3636.96,266),(57,3,'2012-09-25 01:38:44',13.14,0.00,244),(56,1,'2013-06-12 10:04:58',13.06,90654709.65,138),(13,4,'2015-02-22 02:33:39',7.24,108411024.22,248),(4,1,'1970-07-27 12:38:09',18.41,18167107.26,89),(56,4,'1998-06-04 06:24:02',19.67,283.40,142),(33,4,'2011-02-03 02:59:24',4.72,23579250.06,528),(96,1,'2009-06-12 03:41:07',5.93,122391.83,336),(87,1,'2001-01-27 18:04:20',4.50,0.15,214),(5,3,'1982-07-08 05:45:27',14.85,0.00,289),(77,2,'2004-02-29 12:45:58',12.13,326964674.08,321),(81,1,'1971-03-02 23:48:13',2.64,456736121.50,83),(76,2,'2014-02-01 12:13:43',11.16,258.06,544),(59,3,'2005-01-17 02:56:37',8.62,924893.87,479),(32,1,'1984-10-14 07:14:21',6.92,267292.79,280),(84,1,'1977-11-21 06:12:53',15.43,6784.64,354),(24,2,'2011-09-08 04:46:17',15.16,320850.09,197),(64,4,'2007-05-20 00:42:04',6.69,1467.50,243),(60,4,'1984-09-15 20:34:04',4.75,208957.54,469),(77,3,'1981-03-14 08:41:29',8.94,623.89,73),(89,2,'1980-11-20 05:37:44',5.94,3.36,451),(42,1,'1999-09-19 02:58:56',9.99,9418.97,484),(11,2,'1986-06-13 15:23:19',11.83,38288.86,13),(25,4,'1983-12-22 23:14:02',8.49,2980554.99,100),(46,2,'1976-10-24 04:42:35',2.26,61.38,594),(72,1,'2007-02-27 10:50:51',7.01,10416505.01,8),(55,3,'1971-05-05 08:56:03',9.67,1.54,569),(38,2,'1988-04-15 02:42:49',1.71,155319.30,193),(98,4,'2017-02-13 15:02:02',6.79,2715061.72,485),(89,2,'1992-01-09 03:10:21',1.55,5245504.00,16),(20,3,'1986-08-11 07:57:04',17.61,19.85,544),(43,2,'1990-06-14 20:01:34',19.42,730843.85,210),(13,1,'2021-01-06 09:38:37',10.05,226.56,104),(22,3,'1993-11-16 05:41:56',8.31,11431.90,154),(83,4,'1976-01-07 07:37:37',8.11,65844.54,525),(36,3,'1997-07-12 03:12:37',13.05,91724862.20,86),(32,4,'1971-07-17 14:08:45',7.35,927.72,13),(92,2,'2005-09-03 05:37:08',12.24,2.51,173),(14,1,'2015-10-20 09:20:20',16.81,0.00,193),(40,3,'2008-12-26 20:38:05',10.73,0.00,405),(45,1,'2013-12-14 16:49:34',3.91,138.00,119),(81,4,'2003-10-20 18:14:50',19.71,2404.87,293),(64,1,'1998-09-26 05:56:42',9.66,148291.46,431),(30,3,'1974-12-11 09:01:40',15.89,345.42,572),(15,1,'1981-08-15 08:04:37',10.89,0.00,71),(91,2,'2010-03-31 10:24:17',19.30,61580334.00,186),(90,2,'2011-05-11 07:46:32',5.24,7314365.26,147),(78,1,'1996-12-07 09:37:26',11.44,0.00,65),(39,4,'1982-06-13 20:47:52',11.09,69574.34,55),(74,1,'1997-10-19 21:42:11',4.68,0.00,466),(99,1,'1993-03-29 02:16:26',8.89,1.17,547),(92,2,'2006-06-30 17:21:06',14.57,16230235.20,522),(86,4,'1979-03-15 10:01:04',8.92,65188045.12,329),(72,4,'2000-05-07 03:06:46',2.24,0.00,388),(99,1,'1978-08-06 22:52:30',12.99,6.44,529),(58,2,'2015-02-07 12:59:28',19.42,212451952.32,511),(22,2,'1972-03-25 06:07:47',10.73,302.90,65),(42,4,'1981-04-20 19:01:49',9.21,23668385.66,128),(56,3,'1986-02-19 10:26:18',16.11,3954422.45,11),(47,3,'2016-10-13 11:07:13',18.16,84.84,471),(89,2,'1974-12-14 04:30:18',1.28,1567.60,519),(5,4,'1972-12-16 10:41:29',1.42,5716.96,379),(70,4,'2001-04-10 15:29:00',13.68,731936.43,372),(80,1,'1982-12-09 20:04:10',15.74,0.18,208),(82,3,'2019-05-29 06:25:21',19.02,7182455.31,56),(30,4,'1987-06-05 13:21:36',2.10,13467.24,71),(63,1,'2018-01-11 02:41:29',6.36,45613556.00,107),(10,2,'1978-09-29 16:34:29',17.71,2923.00,80),(4,4,'2008-03-17 13:18:01',3.12,323.26,428),(47,1,'1979-10-19 13:17:39',1.53,531.70,295),(93,1,'2010-01-26 23:53:43',6.83,0.00,308),(44,1,'1986-08-24 08:05:56',12.89,161543.20,285),(42,4,'1991-06-12 18:13:47',12.46,151087.80,496),(100,4,'2000-06-15 11:34:08',8.21,287448141.07,452),(56,2,'1973-09-18 16:52:40',13.06,1431.33,271),(67,2,'1981-07-08 04:22:38',6.99,625.40,595),(84,3,'2003-07-09 13:55:39',13.87,462791.30,216),(22,3,'2019-07-04 19:19:23',8.69,6.22,393),(54,1,'2015-08-06 03:57:50',8.88,56758.00,417),(62,2,'2013-05-15 02:18:15',19.05,0.00,593),(55,4,'2010-11-13 06:39:56',19.72,29529876.35,48),(14,1,'2001-12-04 21:19:10',12.21,831938.16,304),(11,1,'2012-11-27 21:38:08',1.61,1967.26,355),(65,1,'1975-05-22 04:13:58',2.72,47386954.92,33),(5,1,'2011-02-11 01:31:57',6.28,31.23,406),(15,4,'1988-06-29 16:45:29',6.99,10399.31,564),(15,3,'1972-02-20 20:32:04',3.68,10420673.06,338),(11,3,'2020-08-14 17:59:49',4.41,8278.00,245),(44,1,'2001-08-28 17:48:26',10.74,113.20,82),(53,4,'1995-11-22 17:36:29',15.53,33.97,534),(56,1,'2001-02-01 04:37:44',1.50,510908859.54,197),(43,2,'1978-04-05 04:27:34',6.19,2029.82,42),(91,3,'2006-05-04 07:32:17',7.39,69082.72,235),(92,2,'2012-02-04 22:03:27',2.06,6916428.23,297),(65,3,'2003-07-14 10:33:28',4.85,33269.52,582),(79,1,'2011-12-04 15:10:47',15.04,151752.57,445),(44,4,'1993-08-08 10:16:23',1.27,2822148.90,102),(37,3,'1978-07-10 00:32:48',13.93,969.70,150),(16,1,'1986-12-10 00:11:53',10.53,79991.34,481),(68,1,'2001-07-23 09:35:33',12.68,46980.52,558),(12,4,'1977-03-08 07:53:28',11.87,0.00,339),(16,2,'1992-11-14 02:56:47',4.51,71539377.58,174),(40,2,'2013-10-22 07:43:34',19.39,15252180.22,148),(82,4,'1979-06-11 04:41:22',12.87,0.00,10),(36,2,'1985-06-20 10:55:24',11.97,60702468.00,295),(82,4,'2016-11-07 21:20:41',12.30,28.00,99),(53,1,'1978-05-07 23:03:44',13.53,38575.90,153),(30,2,'2012-06-03 00:03:46',12.95,0.00,167),(88,1,'1999-07-30 17:35:42',13.56,437615.85,550),(88,3,'2004-09-21 15:53:55',12.60,556286635.00,559),(74,3,'1977-09-13 04:55:52',2.87,505623.63,592),(72,1,'1979-11-25 04:07:52',19.53,28.06,80),(59,1,'1978-04-15 21:38:36',12.04,30.30,515),(71,3,'2001-01-06 21:02:05',7.25,5045.05,262),(8,2,'1999-01-04 22:38:08',15.37,74.88,337),(94,1,'1991-05-27 22:39:59',6.68,41151568.95,596),(20,1,'2008-11-21 14:35:13',7.01,18211.55,217),(46,3,'1991-08-14 05:41:49',7.26,33.82,116),(36,2,'2004-05-21 09:17:12',17.70,59225.15,171),(43,3,'2002-01-27 23:40:09',10.31,538976.60,9),(61,1,'1984-01-25 12:35:12',17.89,5907.43,509),(62,1,'2007-11-26 09:18:31',14.43,186906.14,135),(48,4,'2009-01-03 03:30:43',3.33,892.86,554),(57,2,'1985-12-04 12:42:43',4.32,1.63,341),(12,2,'2014-08-27 19:23:58',13.08,258888.69,546),(88,4,'2000-04-05 18:36:45',12.82,0.00,303),(11,3,'1997-01-21 07:32:55',2.75,9.49,586),(3,3,'2013-08-30 19:52:37',19.07,5231529.85,92),(67,3,'2009-11-08 07:21:01',10.11,72196747.74,221),(43,3,'1996-07-13 09:37:12',15.84,1849607.22,51),(11,2,'1999-04-13 17:10:07',8.42,2387191.45,536),(94,2,'1991-09-30 14:09:15',12.05,18.30,182),(46,2,'1995-08-01 10:57:10',15.76,40523108.00,75),(90,4,'1990-09-05 18:26:03',18.45,2363.94,414),(66,2,'1988-03-17 17:55:00',1.23,72403.05,424),(52,2,'1998-08-13 01:49:33',13.46,120.27,25),(56,1,'1971-02-20 03:42:56',19.03,56.30,453),(40,1,'1975-07-23 19:28:49',3.59,8689.74,28),(3,4,'2017-12-12 06:32:06',17.45,13736.92,14),(40,1,'2011-03-24 18:59:43',14.20,1715477.50,305),(41,2,'2021-01-04 15:09:50',6.95,19.32,90),(100,3,'2003-09-27 16:49:58',7.40,822148.32,403),(86,1,'1973-03-30 20:09:49',19.33,46008329.86,497),(20,3,'1989-12-13 18:29:18',18.90,353962543.01,125),(75,3,'1970-11-16 03:00:30',1.37,115.97,583),(27,4,'1977-04-09 23:12:56',1.44,0.00,362),(99,1,'1988-11-30 12:30:39',5.63,0.00,176),(15,2,'2002-11-16 16:09:08',2.26,434497.60,415),(61,1,'1988-08-29 10:11:03',8.78,1114.22,364);
/*!40000 ALTER TABLE `orders` ENABLE KEYS */;
UNLOCK TABLES;

--
-- Table structure for table `orders_type`
--

DROP TABLE IF EXISTS `orders_type`;
/*!40101 SET @saved_cs_client     = @@character_set_client */;
/*!40101 SET character_set_client = utf8 */;
CREATE TABLE `orders_type` (
  `id` int(10) unsigned NOT NULL AUTO_INCREMENT,
  `type_name` varchar(45) NOT NULL,
  PRIMARY KEY (`id`),
  UNIQUE KEY `id_UNIQUE` (`id`)
) ENGINE=InnoDB AUTO_INCREMENT=5 DEFAULT CHARSET=utf8;
/*!40101 SET character_set_client = @saved_cs_client */;

--
-- Dumping data for table `orders_type`
--

LOCK TABLES `orders_type` WRITE;
/*!40000 ALTER TABLE `orders_type` DISABLE KEYS */;
INSERT INTO `orders_type` VALUES (1,' депозитный'),(2,' кредитный'),(3,' инвестиционный'),(4,'дебетовый');
/*!40000 ALTER TABLE `orders_type` ENABLE KEYS */;
UNLOCK TABLES;

--
-- Table structure for table `transactions`
--

DROP TABLE IF EXISTS `transactions`;
/*!40101 SET @saved_cs_client     = @@character_set_client */;
/*!40101 SET character_set_client = utf8 */;
CREATE TABLE `transactions` (
  `from_users_id` int(10) unsigned NOT NULL,
  `to_users_id` int(10) unsigned NOT NULL,
  `from_company_id` int(11) NOT NULL,
  `to_company_id` int(11) NOT NULL,
  KEY `fk_transactions_users1_idx` (`from_users_id`),
  KEY `fk_transactions_users2_idx` (`to_users_id`),
  KEY `fk_transactions_Company1_idx` (`from_company_id`),
  KEY `fk_transactions_Company2_idx` (`to_company_id`),
  CONSTRAINT `fk_transactions_Company1` FOREIGN KEY (`from_company_id`) REFERENCES `company` (`id`),
  CONSTRAINT `fk_transactions_Company2` FOREIGN KEY (`to_company_id`) REFERENCES `company` (`id`),
  CONSTRAINT `fk_transactions_users1` FOREIGN KEY (`from_users_id`) REFERENCES `users` (`id_account`),
  CONSTRAINT `fk_transactions_users2` FOREIGN KEY (`to_users_id`) REFERENCES `users` (`id_account`)
) ENGINE=InnoDB DEFAULT CHARSET=utf8;
/*!40101 SET character_set_client = @saved_cs_client */;

--
-- Dumping data for table `transactions`
--

LOCK TABLES `transactions` WRITE;
/*!40000 ALTER TABLE `transactions` DISABLE KEYS */;
INSERT INTO `transactions` VALUES (21,14,46,12),(23,24,44,12),(79,30,17,35),(12,98,6,21),(92,19,38,14),(59,70,42,22),(50,29,34,46),(72,25,21,47),(38,33,8,30),(57,3,41,18),(33,15,3,23),(12,15,44,2),(34,63,15,47),(33,14,18,41),(43,3,36,7),(28,14,4,33),(47,23,13,2),(25,7,19,29),(22,42,1,17),(57,88,19,45),(50,67,41,41),(80,18,32,12),(20,35,18,24),(49,43,7,48),(65,37,49,45),(44,34,23,33),(76,48,49,16),(35,34,11,43),(100,2,34,40),(19,30,1,20),(64,38,43,6),(81,98,4,23),(35,3,17,40),(37,79,22,6),(27,41,22,31),(74,63,23,37),(65,12,27,42),(41,56,12,3),(94,9,9,37),(7,23,9,21),(25,51,10,31),(30,62,37,28),(2,15,9,38),(78,62,25,22),(74,3,14,7),(58,49,10,26),(57,35,13,32),(57,43,2,41),(94,23,22,12),(84,15,40,43),(30,95,31,4),(57,10,25,15),(13,76,22,36),(24,62,11,41),(97,47,22,27),(89,48,18,41),(70,78,3,27),(92,83,20,11),(77,100,15,17),(10,78,32,11),(54,6,46,39),(67,13,29,32),(60,2,8,25),(49,51,15,10),(28,35,36,10),(17,11,21,47),(11,70,14,10),(47,89,21,50),(94,32,39,31),(45,35,12,3),(36,40,27,43),(91,82,2,10),(17,74,19,17),(85,80,14,48),(49,53,7,48),(41,55,48,18),(87,73,48,16),(8,20,18,22),(59,88,14,25),(70,30,34,43),(4,6,10,44),(85,45,42,17),(97,97,15,19),(51,25,37,19),(97,68,35,2),(87,4,24,23),(91,74,48,30),(4,63,23,4),(68,64,48,27),(8,77,43,3),(74,14,21,12),(39,14,31,18),(81,29,20,34),(33,86,7,12),(59,9,42,32),(71,28,35,20),(91,63,46,50),(40,76,2,7),(90,45,19,14),(58,98,32,20),(27,2,4,30),(87,20,41,23),(28,64,4,50),(92,76,19,42),(39,27,41,40),(3,84,46,47),(28,28,11,43),(25,83,12,26),(84,30,5,36),(50,91,8,39),(55,23,38,23),(99,11,15,19),(38,10,8,20),(93,7,16,11),(34,52,3,30),(35,30,5,10),(60,18,45,5),(9,4,43,32),(27,60,4,13),(71,37,32,4),(46,79,24,20),(85,80,30,10),(32,65,39,34),(95,86,43,27),(4,74,31,6),(78,47,38,2),(6,83,15,38),(19,92,42,32),(71,31,1,28),(11,61,37,21),(26,52,4,10),(37,93,37,21),(66,35,27,22),(81,27,23,44),(9,75,32,14),(67,46,46,19),(77,93,46,44),(54,66,14,40),(17,36,50,27),(28,72,48,47),(7,47,18,44),(74,81,37,42),(56,36,5,12),(81,100,30,29),(93,51,22,23),(17,72,13,17),(7,23,44,18),(95,81,14,1),(28,62,44,1),(43,62,42,49),(97,93,11,39),(93,80,18,43),(30,78,15,23),(49,55,40,28),(78,66,45,36),(47,17,37,37),(78,61,38,10),(22,59,9,10),(52,38,48,22),(17,30,14,24),(7,58,47,28),(12,72,6,45),(37,100,31,42),(16,34,29,47),(94,32,7,8),(90,31,18,21),(69,30,43,43),(59,13,16,33),(71,24,11,41),(95,32,36,16),(31,32,8,24),(65,71,20,30),(2,53,38,46),(84,9,17,26),(38,17,19,49),(29,68,32,50),(92,83,41,44),(14,52,9,23),(83,33,46,24),(3,31,3,3),(83,80,49,33),(89,29,9,13),(45,54,12,37),(22,85,37,7),(68,53,50,41),(4,17,13,44),(50,17,17,26),(47,40,29,15),(19,53,48,4),(81,14,17,13),(67,56,50,45),(41,71,1,4),(24,100,45,14),(17,16,7,33),(32,48,9,40),(87,75,5,3),(27,5,7,4),(18,46,17,43),(1,32,37,21),(3,74,25,14),(74,39,27,46),(54,68,28,43),(15,74,32,1),(48,73,4,38),(77,19,42,48),(65,16,40,33),(48,52,4,26),(25,56,39,50),(94,31,45,24),(99,45,16,7),(18,96,8,33),(68,21,21,22),(40,23,19,2),(39,17,35,43),(68,76,19,46),(31,13,46,13),(44,79,36,21),(23,3,28,21),(98,69,4,33),(90,47,5,15),(70,46,17,4),(63,2,47,15),(78,30,11,5),(43,12,17,43),(90,4,14,6),(7,82,27,2),(50,59,35,20),(5,77,34,38),(23,100,42,43),(2,77,8,40),(6,36,44,25),(48,20,17,19),(24,61,25,15),(43,1,17,46),(60,2,16,32),(79,98,20,1),(98,21,44,50),(97,1,39,2),(37,65,26,42),(84,85,11,4),(46,70,18,44),(71,69,40,15),(71,10,47,25),(8,32,26,3),(53,37,2,25),(38,81,26,38),(46,3,30,15),(87,80,18,17),(49,71,11,10),(40,100,25,6),(9,42,30,9),(74,11,11,13),(48,25,38,43),(6,26,30,26),(29,18,40,8),(97,15,24,23),(86,68,33,13),(67,13,18,38),(54,96,47,14),(6,14,26,27),(38,27,19,22),(53,98,47,41),(15,73,48,6),(87,43,29,36),(11,22,49,39),(34,32,27,44),(28,46,7,17),(59,66,43,49),(92,23,20,22),(21,33,13,18),(5,20,24,46),(63,5,32,37),(26,59,26,30),(91,4,23,9),(50,60,26,4),(25,36,2,9),(59,43,31,40),(75,85,7,40),(4,61,36,34),(65,33,20,46),(92,89,25,41),(93,94,50,21),(54,50,25,39),(86,53,48,23),(96,56,12,36),(40,37,25,22),(98,20,5,32),(53,49,27,22),(38,1,13,15),(95,25,36,24),(75,21,13,30),(73,21,2,35),(76,27,20,8),(63,88,30,31),(8,69,12,30),(17,76,2,27),(76,28,42,36),(52,55,10,13),(76,45,43,25),(65,89,9,20),(16,55,28,40),(43,13,20,25),(81,62,5,49),(37,12,26,7),(40,35,42,46),(90,2,9,33),(46,3,7,5),(91,30,25,4),(85,4,43,14),(16,24,39,49),(85,86,47,11),(97,45,17,18),(80,17,14,35),(19,44,18,32),(46,48,37,19),(78,23,22,31),(26,28,45,21),(51,65,20,18),(50,33,28,24),(78,90,42,29),(6,10,14,12),(53,61,44,49),(9,62,18,43),(84,77,24,5),(4,35,26,28),(100,91,45,25),(23,45,48,50),(34,78,29,20),(87,83,32,20),(44,51,19,26),(12,72,19,48),(49,84,3,27),(19,57,4,9),(47,95,34,35),(40,62,35,37),(40,26,6,14),(9,75,33,26),(26,3,2,19),(75,41,16,12),(24,37,38,22),(93,81,30,20),(76,26,4,8),(88,77,44,14),(3,99,27,6),(74,19,32,50),(21,66,18,48),(7,67,9,16),(3,92,37,48),(73,32,18,24),(58,43,31,23),(20,49,36,11),(47,25,16,11),(43,95,10,32),(60,54,30,34),(20,77,49,12),(69,69,10,21),(1,53,45,30),(96,50,2,8),(99,76,18,23),(100,68,33,22),(62,84,3,11),(38,65,44,29),(42,84,40,5),(52,98,26,27),(51,39,6,23),(89,15,30,44),(90,96,16,45),(63,97,16,13),(81,38,23,9),(2,34,38,22),(17,54,27,35),(52,3,11,2),(41,32,24,15),(46,8,8,18),(4,47,12,33),(44,56,46,12),(93,37,21,47),(70,16,19,44),(70,89,28,11),(92,76,12,16),(8,72,31,27),(79,76,45,42),(23,12,25,33),(68,39,45,30),(75,32,27,22),(48,90,15,9),(79,85,20,35),(61,63,1,34),(34,62,11,7),(37,10,48,30),(22,43,13,45),(82,15,24,28),(46,1,50,47),(90,30,5,35),(15,49,19,38),(11,39,22,23),(1,64,29,19),(73,52,48,47),(95,21,41,39),(35,30,16,40),(30,32,37,10),(62,82,44,38),(30,26,26,21),(65,94,43,33),(57,41,1,15),(93,97,12,44),(18,6,32,26),(35,96,16,32),(28,5,42,45),(86,72,33,8),(97,15,28,31),(8,40,13,33),(81,26,48,37),(23,18,31,21),(23,24,47,29),(20,25,11,24),(29,5,18,8),(76,99,15,36),(14,86,17,11),(26,58,44,4),(84,81,40,3),(99,41,24,11),(65,39,39,42),(63,99,15,46),(3,65,3,39),(64,35,25,39),(20,83,50,23),(40,86,26,12),(66,31,15,32),(72,75,43,18),(13,62,10,38),(61,49,33,32),(13,71,21,39),(5,90,27,13),(73,52,35,6),(37,21,18,2),(51,63,34,12),(38,51,29,26),(13,77,13,37),(25,92,18,19),(62,76,7,34),(66,67,46,19),(19,60,25,28),(80,84,29,16),(47,24,27,42),(75,10,18,44),(87,61,30,6),(52,95,25,7),(71,63,40,19),(29,70,37,24),(29,23,2,5),(7,61,20,27),(85,92,18,30),(2,71,23,44),(31,6,50,41),(1,47,48,36),(9,75,4,19),(44,81,43,37),(4,89,41,6),(49,21,32,17),(13,99,47,8),(69,39,2,50),(45,1,41,23),(48,76,8,29),(50,23,48,47),(4,80,34,4),(68,49,9,9),(70,81,26,41),(79,44,48,24),(82,98,24,13),(99,27,36,24),(3,86,2,27),(9,98,24,6),(77,13,10,23),(62,37,31,16),(17,12,7,48),(55,8,22,19),(6,89,32,3),(16,34,26,9),(19,54,35,14),(51,17,20,14),(30,58,36,46),(95,33,11,6),(45,33,4,50),(41,50,19,24),(38,99,26,27),(32,2,36,26),(55,41,39,3),(57,17,16,43),(75,3,38,35),(36,97,40,41),(30,87,40,35),(36,17,9,37),(15,68,13,24),(69,97,49,12),(37,76,14,47),(92,59,39,34),(62,54,18,49),(51,15,39,40),(2,57,25,19);
/*!40000 ALTER TABLE `transactions` ENABLE KEYS */;
UNLOCK TABLES;

--
-- Table structure for table `users`
--

DROP TABLE IF EXISTS `users`;
/*!40101 SET @saved_cs_client     = @@character_set_client */;
/*!40101 SET character_set_client = utf8 */;
CREATE TABLE `users` (
  `id_account` int(10) unsigned NOT NULL AUTO_INCREMENT,
  `phone` bigint(20) unsigned NOT NULL,
  `email` varchar(150) NOT NULL,
  `password_hash` char(50) NOT NULL,
  PRIMARY KEY (`id_account`),
  UNIQUE KEY `phone_UNIQUE` (`phone`),
  UNIQUE KEY `email_UNIQUE` (`email`),
  UNIQUE KEY `password_hash_UNIQUE` (`password_hash`)
) ENGINE=InnoDB AUTO_INCREMENT=101 DEFAULT CHARSET=utf8;
/*!40101 SET character_set_client = @saved_cs_client */;

--
-- Dumping data for table `users`
--

LOCK TABLES `users` WRITE;
/*!40000 ALTER TABLE `users` DISABLE KEYS */;
INSERT INTO `users` VALUES (1,89965512081,'plangworth@example.net','083b0307b5d8867d8cfc0c6c228383baf473a323'),(2,89805679567,'royce54@example.org','b7366d8ac0b4f3ea16219a244035231971752399'),(3,89828672357,'jboehm@example.com','7a5a822b29b3a3c2e91534b5eca4e2d9d4d38ee4'),(4,89473955268,'medhurst.brianne@example.net','9b3e37b42b56ef2fe0f51de159ee3ec4755d91b6'),(5,89368127490,'runolfsdottir.chadrick@example.com','5a782cf97eda0aa9272ca8a22f3e5bdf39939eef'),(6,89227765988,'oherzog@example.net','d1aeb0e1860308b71f7eef57dd3459b4aa8dd4de'),(7,89830229736,'kris.lauriane@example.org','1ff9d7578ec1b3c5b6247b42a1aae7370419fcaa'),(8,89112827460,'monte15@example.net','c136e90b9c5edf8fc3b522dc9d2905dba259f318'),(9,89169712957,'senger.zetta@example.org','1e275c26cd3afcacdf577a93fc543a1fb1739092'),(10,89880386575,'auer.dahlia@example.org','3f813682ec9bddbe0deec4a3ff0be3804195c62d'),(11,89418096097,'zita91@example.org','f3ce8a1c859a62c940e3929be058dd83f4f10839'),(12,89577680041,'schulist.rickey@example.net','2af27212898e2d49d2fd794bc08b07f9fa91bfe3'),(13,89967940093,'jamar66@example.org','90b0d77821fe3baa1dea45cc5465779d710b4da2'),(14,89405292593,'schumm.adalberto@example.org','c0ca48a7cd87cb165d5757364bb985fe4a91a624'),(15,89713289909,'friesen.ernie@example.com','7cfda4467c5038555817b200391888c4a4348ee0'),(16,89568809118,'amos.block@example.org','fb388e1b86d54cb07c8559b2a1287f7091981636'),(17,89092593273,'osvaldo.langosh@example.org','65ca4f2a73079e3113d566597a2beeeb65cde5fc'),(18,89218110155,'nondricka@example.com','b29a5ac083b995c5e8e795d18ae8b9ecac5902ff'),(19,89436489838,'mberge@example.com','74c74d23e88dd962ab22525588d31b183c758167'),(20,89287955506,'brittany.ondricka@example.org','0e326fa75e0906e3ef4ecea4604f2f7f0403d16e'),(21,89897806217,'frederic58@example.net','692e3806414b1bae4f9215aa6cd42ff8c72bea5b'),(22,89295134772,'guy75@example.com','291b628d1211af74dad0f073110e112db2a24c85'),(23,89308752373,'ciara.buckridge@example.com','5c6136ea3da8c55229cf0943838fed0d134bc89f'),(24,89569797878,'libbie.johnson@example.net','60c65f4ebc622afa344609e65b840460f47536ab'),(25,89884616528,'imcclure@example.com','eb0beb5c0c3134181f61324cab7fa9f04de378db'),(26,89686221039,'crooks.javonte@example.net','ed183d4d25383b1068c351ef0e36f4c21b8ec29f'),(27,89769909676,'arlene.cremin@example.com','e17f3692bebe65f7c3d880fae0ab6854e5bcf7a9'),(28,89888198660,'milford.crona@example.com','afdef8eed7058bae70e607c5cf647783dc1694d9'),(29,89680895797,'giovanna77@example.org','a3f944c5ed9dc4d21eee385e8dcdc6a0435ed8e0'),(30,89501655158,'harber.alycia@example.org','9b10f93c2d6ccbf59ff29777be701861ccf4f54e'),(31,89437395622,'kyle01@example.com','3b3c33f1629cb1bf50556a4cfaba4a85adda62e0'),(32,89347936594,'grayce.stark@example.net','b66e41fc8f2f34a84bc0b2fd53218b1ece27dce7'),(33,89176480187,'dario.kilback@example.com','9fd73b87e064185f87c36aec82d3cfb80623d910'),(34,89896278241,'bernier.mozelle@example.org','3e950fcd6708101fceb710856b16940c38b3d5f6'),(35,89747848860,'vgreenfelder@example.net','a3ca1de1bbacbc5b4813c681da0afbee8bc79c4b'),(36,89479518123,'jjenkins@example.com','301e186d4004ccd23bb0397730e93b123aadde09'),(37,89115323913,'johns.lilyan@example.net','42e7d4d26042a1ca257e4927bc4660b0323ea08e'),(38,89465088393,'jacobs.celia@example.net','ee70060eae9ff2009f93c09e0bd92460525bc3df'),(39,89650873746,'o\'conner.jaycee@example.org','b79bfc3d03493c7b7dc12ffcb9163aece51f8d01'),(40,89723734935,'nicolas.eloise@example.net','feb2494ad6a1be036f35272c141a4fde1024f0a2'),(41,89897758356,'stephania.d\'amore@example.org','d54f33a3f36e29640efc94370177ad25df66ac70'),(42,89818161643,'dominic.hyatt@example.org','313513337b54caca561005f227b6abedc238f74e'),(43,89174678318,'kling.daphne@example.org','cb1777fc2a8e35fd01dbcd768472f71c2126f97c'),(44,89321197369,'sanford.barrows@example.com','443646c905eaea1ac3fe2daacacec26840cdf96c'),(45,89228194232,'htillman@example.org','20b4d52e48a6f6124c41f131290ef192a1b27fe1'),(46,89516705105,'martin.lynch@example.net','cc38b1ba7a9739c7999be589038ee4ee000d17c9'),(47,89909214224,'marisa.hoppe@example.org','a6d5c033616bcad7ed7fd9a5d979a1c30eaa2e15'),(48,89350083823,'princess05@example.net','9d10462264dca66b9ff86190894a43f224ac2101'),(49,89994913974,'elmira.jaskolski@example.org','985280a1bcd3a9ff06641814af7cc8c248f95ffc'),(50,89687048598,'lonie65@example.net','cd17baf19d04a2d5bcb5fad5d3670c4368df4b87'),(51,89080332055,'madalyn10@example.com','1209263d3e05d8dc0066e6ab2831c7f1d66d0798'),(52,89422204214,'aurelia.baumbach@example.net','67afd962435eb8bcfa09fc7010ceb9dd386ad67d'),(53,89351322253,'runte.ken@example.net','ab99e43cb01a14c9b6980fbea193d31253058845'),(54,89494484623,'nstanton@example.net','1ce9d5e646c3b7cc1ea2ad0f7e6adac68640c835'),(55,89918417142,'ozella.schaden@example.com','0e057b95714d105b1b8decfd48d97eb24e880a93'),(56,89404136297,'larkin.emory@example.net','95204338d30610b1669d38e6e8fb2afb9f1922c2'),(57,89599916272,'monique.rowe@example.org','2f0485bcad7593f4d8636d60be66ee34972d892d'),(58,89670262295,'antonette.pfeffer@example.net','002d555439d51508a737277a95afd220ef25ac8b'),(59,89073301518,'oheathcote@example.org','e4d1124532a6069dc2d5e9bdacf47739f9c1bff4'),(60,89576391522,'federico.lemke@example.net','a16a1e2c07a23c2b1860ef2570928d70fe440303'),(61,89922018677,'laverna82@example.net','a3c55cde0add526b9b8887663b095b6615b4951b'),(62,89380856914,'rod54@example.com','0caf2733a5d62bb6bea75c7155b9f0927fb3c00e'),(63,89944567478,'effie.monahan@example.com','f8001f39615cb2cc8c9cdfb86166baea44a71d73'),(64,89707022741,'ledner.sebastian@example.org','52afdee028cbd6446f286fc783b44d0d3bc6feb2'),(65,89376085013,'florian.reynolds@example.org','78c48cae5f815523d0b2d0dbf16c05f07dc2d26e'),(66,89591263581,'nader.lottie@example.net','a50dd8870c5531e85095f7d2e00a944bd3a9bc3c'),(67,89401676863,'hsmitham@example.net','2f46341ede653e66c91f74ff8ebee578ec4d5827'),(68,89857934898,'bessie.murazik@example.org','ea8e422daa969f53f9c62d1098b27fc9f10bcd67'),(69,89076664760,'dominique58@example.com','82114f57ae780e89c4535863446e00dee7bb6fdf'),(70,89884489356,'fmccullough@example.com','e746f4b5c02e1f0e660486da11d1119469608c5a'),(71,89798092614,'fzieme@example.net','86044b111bb42c895917ec3787955a19dc147def'),(72,89501223393,'ngleason@example.net','396f3d6550c9997db36bc673465b6fa12a0b2c78'),(73,89387454578,'stanton.oma@example.com','efccc3deca6b75f64e108d9b774f1b757647dc32'),(74,89321392877,'mozell69@example.org','d9a03b84dd18857932c6d5b8d0343a569a500a81'),(75,89290985262,'botsford.paula@example.org','1cbf392691922e581c9ebaa6bd8ad8468f8fcafd'),(76,89789234348,'vshields@example.org','63bf498ea461b6f6ff3b664032fbfabd4294085d'),(77,89166352468,'hamill.blake@example.net','a0272c7580782be49728de05cbfd9577f1c36e66'),(78,89677170718,'rudy08@example.org','2db9475d6abb30e92bc4fed64f409afd1b0e8a76'),(79,89225659898,'valentin.bechtelar@example.net','42927839596815d90c0322d5355c235dc75c718b'),(80,89490424396,'stanton88@example.com','514e1c31364f148437234f4bd898785637df2f18'),(81,89218352037,'kreiger.erick@example.net','f620f9621c24d29325bb1110751d942f41627931'),(82,89702426425,'ischaefer@example.org','4d0150ca50150e9d0d71029528eba2aaa136eb6d'),(83,89322626029,'mann.lula@example.net','0ec89dfb593454f88fc135e8527645d5dc240db1'),(84,89394859220,'jmcglynn@example.org','d6c39f3a447ff40cdf3a08d32a21e8a3394e80df'),(85,89240128420,'rodriguez.mercedes@example.com','e88b881f3a42ddc27686b9504f57f9619b5db051'),(86,89449019897,'gaylord.crystal@example.com','686d7f706aca11ca8993097c08bb8c36000c17af'),(87,89236669539,'carroll.hugh@example.org','e3ad4230b689b77ec04bc38409132228fa3db42b'),(88,89255279840,'tiffany.kreiger@example.org','cfcd97bc45f125e3838c54ce1fc83982b55548a0'),(89,89295317195,'rocio01@example.net','68a173b8ec7b18ae04b148457a1fcb6133c8b302'),(90,89799616841,'steuber.felton@example.com','82f23707df16445d5bb2d819074dd8ea7b651726'),(91,89409086634,'schinner.maggie@example.net','0dde18acd595fa30e06a11be6b6c294bbc1c0e77'),(92,89723952703,'maverick.gaylord@example.com','d89c7ab35d2e8a7ad924a9fb8d9b79ea8a5b2a9a'),(93,89563713111,'arlene.gulgowski@example.org','08b8cb48f59fb22f9d2380c9626d485558452f26'),(94,89040909703,'adalberto36@example.org','3addf2ddaac36ce626eaadfe4ec87405f7e5e3d7'),(95,89952528034,'iwintheiser@example.org','971388e5b630ce8b5fd555cfd2d9c01c59cb6c5d'),(96,89617622860,'carolyn52@example.net','0870a65b78f0ad0b62ee55ea10f76edc87da9c73'),(97,89519530162,'lhyatt@example.net','e4b53a87bf576c9a05cccde3459c8ef619a71ea5'),(98,89799895626,'veda91@example.org','d708d39512f55ea0a98e97507e907d8eb4f56398'),(99,89515406900,'zbauch@example.net','7456b52b2e4dbdfe971039dca5c92222926016c1'),(100,89216980258,'green.talon@example.net','d3bb243a9c3c52f916bcd4f148c291e4a624ea75');
/*!40000 ALTER TABLE `users` ENABLE KEYS */;
UNLOCK TABLES;
/*!40103 SET TIME_ZONE=@OLD_TIME_ZONE */;

/*!40101 SET SQL_MODE=@OLD_SQL_MODE */;
/*!40014 SET FOREIGN_KEY_CHECKS=@OLD_FOREIGN_KEY_CHECKS */;
/*!40014 SET UNIQUE_CHECKS=@OLD_UNIQUE_CHECKS */;
/*!40101 SET CHARACTER_SET_CLIENT=@OLD_CHARACTER_SET_CLIENT */;
/*!40101 SET CHARACTER_SET_RESULTS=@OLD_CHARACTER_SET_RESULTS */;
/*!40101 SET COLLATION_CONNECTION=@OLD_COLLATION_CONNECTION */;
/*!40111 SET SQL_NOTES=@OLD_SQL_NOTES */;

-- Dump completed on 2021-03-07 15:09:25
