-- MySQL dump 10.13  Distrib 8.0.22, for Win64 (x86_64)
--
-- Host: localhost    Database: vk
-- ------------------------------------------------------
-- Server version	8.0.22

/*!40101 SET @OLD_CHARACTER_SET_CLIENT=@@CHARACTER_SET_CLIENT */;
/*!40101 SET @OLD_CHARACTER_SET_RESULTS=@@CHARACTER_SET_RESULTS */;
/*!40101 SET @OLD_COLLATION_CONNECTION=@@COLLATION_CONNECTION */;
/*!50503 SET NAMES utf8 */;
/*!40103 SET @OLD_TIME_ZONE=@@TIME_ZONE */;
/*!40103 SET TIME_ZONE='+00:00' */;
/*!40014 SET @OLD_UNIQUE_CHECKS=@@UNIQUE_CHECKS, UNIQUE_CHECKS=0 */;
/*!40014 SET @OLD_FOREIGN_KEY_CHECKS=@@FOREIGN_KEY_CHECKS, FOREIGN_KEY_CHECKS=0 */;
/*!40101 SET @OLD_SQL_MODE=@@SQL_MODE, SQL_MODE='NO_AUTO_VALUE_ON_ZERO' */;
/*!40111 SET @OLD_SQL_NOTES=@@SQL_NOTES, SQL_NOTES=0 */;

--
-- Table structure for table `communites`
--

DROP TABLE IF EXISTS `communites`;
/*!40101 SET @saved_cs_client     = @@character_set_client */;
/*!50503 SET character_set_client = utf8mb4 */;
CREATE TABLE `communites` (
  `id` int unsigned NOT NULL AUTO_INCREMENT,
  `name` varchar(45) CHARACTER SET utf8mb4 COLLATE utf8mb4_unicode_ci DEFAULT NULL,
  `desc` varchar(245) CHARACTER SET utf8mb4 COLLATE utf8mb4_unicode_ci DEFAULT NULL,
  `admin_id` int unsigned NOT NULL,
  PRIMARY KEY (`id`),
  KEY `fk_communites_users1_idx` (`admin_id`),
  CONSTRAINT `fk_communites_users1` FOREIGN KEY (`admin_id`) REFERENCES `users` (`id`)
) ENGINE=InnoDB AUTO_INCREMENT=11 DEFAULT CHARSET=utf8mb4 COLLATE=utf8mb4_unicode_ci;
/*!40101 SET character_set_client = @saved_cs_client */;

--
-- Dumping data for table `communites`
--

LOCK TABLES `communites` WRITE;
/*!40000 ALTER TABLE `communites` DISABLE KEYS */;
INSERT INTO `communites` VALUES (1,'corporis','A dolor ut minima ullam.',18),(2,'sit','Maiores quaerat ex dolorem sed doloribus.',25),(3,'odio','Asperiores ex ab est.',3),(4,'cumque',NULL,88),(5,'distinctio','Esse maiores quod consequatur quod in eius consequuntur.',31),(6,'ut','Sequi voluptatem cupiditate quidem quae.',66),(7,'harum','Sapiente enim tempora hic iure eum excepturi voluptatem.',14),(8,'voluptas','Laudantium voluptatem dignissimos aliquid quam ad enim.',91),(9,'assumenda','Eligendi quia recusandae eius sit laborum dolor nam.',75),(10,'sapiente','Nulla nobis quo recusandae qui.',68);
/*!40000 ALTER TABLE `communites` ENABLE KEYS */;
UNLOCK TABLES;

--
-- Table structure for table `friend_requests`
--

DROP TABLE IF EXISTS `friend_requests`;
/*!40101 SET @saved_cs_client     = @@character_set_client */;
/*!50503 SET character_set_client = utf8mb4 */;
CREATE TABLE `friend_requests` (
  `from_users_id` int unsigned NOT NULL,
  `to_users_id` int unsigned NOT NULL,
  `status` tinyint(1) NOT NULL DEFAULT '0' COMMENT '-1  - отклонен\n0 - запрос\n1 - принят',
  `created_at` datetime NOT NULL DEFAULT CURRENT_TIMESTAMP,
  `updated_at` datetime DEFAULT NULL ON UPDATE CURRENT_TIMESTAMP,
  PRIMARY KEY (`from_users_id`,`to_users_id`),
  KEY `fk_friend_requests_users1_idx` (`from_users_id`),
  KEY `fk_friend_requests_users2_idx` (`to_users_id`),
  CONSTRAINT `fk_friend_requests_users1` FOREIGN KEY (`from_users_id`) REFERENCES `users` (`id`),
  CONSTRAINT `fk_friend_requests_users2` FOREIGN KEY (`to_users_id`) REFERENCES `users` (`id`)
) ENGINE=InnoDB DEFAULT CHARSET=utf8mb4 COLLATE=utf8mb4_unicode_ci;
/*!40101 SET character_set_client = @saved_cs_client */;

--
-- Dumping data for table `friend_requests`
--

LOCK TABLES `friend_requests` WRITE;
/*!40000 ALTER TABLE `friend_requests` DISABLE KEYS */;
INSERT INTO `friend_requests` VALUES (1,39,-1,'2019-08-14 00:26:36',NULL),(3,8,1,'1998-08-30 10:34:04','1992-02-09 13:23:00'),(3,85,1,'2013-11-27 20:31:15','1970-11-29 19:33:16'),(4,23,1,'2004-04-16 19:59:56',NULL),(5,59,-1,'1980-08-11 07:00:51',NULL),(5,100,0,'1992-10-17 10:12:01','1972-04-26 00:06:46'),(7,68,1,'2004-08-19 17:41:41','2013-01-02 13:17:04'),(8,23,-1,'1975-03-31 07:43:18','2016-11-10 21:56:28'),(8,62,-1,'2004-12-18 00:27:25','1999-10-08 04:52:56'),(8,63,-1,'2000-06-27 14:45:54','1984-11-02 18:49:56'),(9,3,0,'1999-12-03 17:02:31',NULL),(10,62,-1,'1991-10-21 19:25:31',NULL),(13,75,0,'1996-10-30 10:21:06','1983-12-29 00:03:31'),(13,79,0,'1982-06-14 20:39:03','1973-04-13 23:29:44'),(13,94,1,'1982-11-09 02:56:45',NULL),(15,90,-1,'1981-05-08 21:01:20',NULL),(17,35,1,'1995-12-08 03:49:33',NULL),(17,54,-1,'1986-06-08 00:32:25','1973-05-22 02:09:59'),(18,8,1,'2011-11-18 18:49:42',NULL),(18,36,0,'2019-09-28 13:38:41','1983-09-09 20:40:28'),(19,64,1,'1989-12-05 15:32:06',NULL),(20,57,0,'1990-04-16 02:29:08',NULL),(21,40,-1,'2005-05-07 23:10:24',NULL),(22,58,0,'2007-10-31 02:18:54','2012-12-26 16:18:46'),(22,60,0,'1971-01-28 22:12:07','1997-01-25 14:25:40'),(23,11,-1,'1996-12-15 11:15:46','1998-02-19 20:13:19'),(24,8,-1,'1985-09-05 20:25:20','1983-01-06 19:23:40'),(24,15,1,'1993-09-02 15:12:28','1983-04-19 01:06:02'),(25,52,0,'2009-08-16 22:31:52','1980-03-11 21:24:54'),(26,50,1,'1978-08-03 17:19:35','2011-12-16 21:22:23'),(27,41,-1,'1977-05-23 09:52:18','1997-01-30 17:05:59'),(27,87,-1,'1997-10-31 23:23:28','2012-06-02 16:48:22'),(28,14,-1,'1981-06-10 15:31:56',NULL),(28,94,-1,'1977-01-01 01:50:10','1997-02-22 06:59:45'),(29,26,-1,'2020-10-11 13:58:30','1987-07-02 20:05:32'),(29,68,-1,'1981-09-14 08:00:56','2013-11-12 04:36:03'),(30,28,1,'2014-05-24 22:43:37',NULL),(30,84,0,'2008-07-16 16:58:59',NULL),(31,51,-1,'1989-03-18 11:24:37','1978-07-18 10:58:08'),(32,51,-1,'1979-12-13 05:08:17','1974-06-08 15:15:00'),(32,96,-1,'1992-04-03 02:18:59',NULL),(34,6,-1,'1977-03-25 04:14:51','1979-08-15 16:18:27'),(34,67,1,'1977-04-06 08:15:52','1978-12-15 05:09:39'),(35,59,0,'2005-04-10 05:53:20',NULL),(38,31,0,'1977-03-13 16:06:24',NULL),(38,53,1,'1973-01-08 02:08:42',NULL),(39,52,0,'2015-02-11 03:28:19',NULL),(40,26,0,'1970-03-30 23:26:22',NULL),(40,60,1,'1990-07-19 20:59:39',NULL),(42,12,1,'1976-06-12 21:31:02','1984-05-13 01:13:33'),(43,21,0,'2010-04-04 08:18:33',NULL),(45,90,1,'1991-06-12 10:46:17','2004-08-17 05:10:37'),(46,73,-1,'2010-08-27 08:25:48','1975-05-18 14:15:48'),(47,52,0,'1980-08-15 09:25:03',NULL),(47,70,0,'1983-02-26 05:51:08','1989-06-06 05:29:40'),(51,42,-1,'1974-04-11 13:57:00','2018-03-06 01:00:57'),(56,75,-1,'1980-12-14 09:45:08','1974-09-17 19:34:58'),(56,77,-1,'1977-04-11 20:23:02','1987-11-05 00:10:04'),(58,67,-1,'1999-10-04 22:31:15',NULL),(59,39,1,'1992-05-16 14:04:05',NULL),(60,76,-1,'2003-01-21 23:04:20','2006-03-07 19:32:04'),(61,46,1,'1999-10-17 04:02:45',NULL),(61,63,1,'1983-09-28 09:16:53',NULL),(61,96,0,'2007-06-25 19:36:35','2018-11-01 17:34:38'),(63,25,0,'1972-02-24 04:49:18','1978-08-17 13:59:30'),(66,74,1,'1983-10-08 10:47:45',NULL),(68,47,1,'1976-08-05 17:48:11','2001-04-04 16:18:39'),(68,72,1,'1997-06-07 19:14:56','1986-09-03 08:32:40'),(69,11,1,'1998-08-02 00:54:54','1971-03-23 17:14:04'),(69,79,1,'1991-04-02 01:52:49',NULL),(70,31,-1,'1995-11-10 06:52:10','1981-06-18 11:38:56'),(70,89,-1,'2012-07-03 13:05:04',NULL),(72,41,-1,'1991-06-21 23:04:47',NULL),(75,27,-1,'2003-07-26 05:19:51','1996-05-02 22:06:23'),(78,27,0,'1976-08-12 06:19:06',NULL),(78,36,1,'2012-11-04 09:43:03','1975-07-21 08:47:20'),(79,61,0,'2015-06-02 11:01:18','1984-04-01 09:23:08'),(80,62,-1,'2016-02-26 06:49:29',NULL),(81,53,1,'2014-12-24 18:27:34','2001-01-04 02:43:51'),(81,71,0,'1982-07-06 21:04:35',NULL),(83,14,0,'1985-02-17 23:39:42',NULL),(85,69,-1,'2004-06-05 16:19:56','2001-11-27 23:02:03'),(85,100,0,'2007-02-20 09:31:50',NULL),(87,60,1,'1983-02-19 01:23:54',NULL),(88,84,-1,'1982-01-27 00:49:15',NULL),(89,71,-1,'1993-08-05 22:40:31',NULL),(90,80,0,'1979-02-17 21:52:28','2019-01-17 15:33:15'),(92,43,0,'2006-07-29 14:23:52',NULL),(92,75,0,'1971-07-08 07:57:41',NULL),(93,8,1,'1997-01-23 06:33:31',NULL),(96,35,-1,'1972-05-11 16:59:42',NULL),(96,52,0,'1999-03-29 18:28:48',NULL),(96,57,-1,'2000-03-05 19:38:57',NULL),(97,4,-1,'2017-11-10 06:37:07','1979-07-08 21:49:19'),(97,35,1,'1994-12-20 10:51:26','1990-06-12 18:04:13'),(97,74,1,'2008-08-22 11:31:05','1972-04-28 11:05:28'),(97,80,-1,'1980-03-10 05:26:54',NULL),(98,91,-1,'2001-02-02 09:10:11',NULL);
/*!40000 ALTER TABLE `friend_requests` ENABLE KEYS */;
UNLOCK TABLES;

--
-- Table structure for table `likes`
--

DROP TABLE IF EXISTS `likes`;
/*!40101 SET @saved_cs_client     = @@character_set_client */;
/*!50503 SET character_set_client = utf8mb4 */;
CREATE TABLE `likes` (
  `ID` varchar(45) CHARACTER SET utf8mb4 COLLATE utf8mb4_unicode_ci NOT NULL,
  `users_id` int unsigned NOT NULL,
  `posts_id` int unsigned DEFAULT NULL,
  `media_id` int unsigned DEFAULT NULL,
  `messages_id` int unsigned DEFAULT NULL,
  `created_at` datetime NOT NULL DEFAULT CURRENT_TIMESTAMP,
  PRIMARY KEY (`ID`),
  UNIQUE KEY `users_posts` (`users_id`,`posts_id`),
  UNIQUE KEY `users_media` (`users_id`,`media_id`),
  UNIQUE KEY `users_mes` (`users_id`,`messages_id`),
  KEY `fk_likes2_users1_idx` (`users_id`),
  KEY `fk_likes2_posts1_idx` (`posts_id`),
  KEY `fk_likes2_media1_idx` (`media_id`),
  KEY `fk_likes2_messages1_idx` (`messages_id`),
  CONSTRAINT `fk_likes2_media1` FOREIGN KEY (`media_id`) REFERENCES `media` (`id`),
  CONSTRAINT `fk_likes2_messages1` FOREIGN KEY (`messages_id`) REFERENCES `messages` (`id`),
  CONSTRAINT `fk_likes2_posts1` FOREIGN KEY (`posts_id`) REFERENCES `posts` (`id`),
  CONSTRAINT `fk_likes2_users1` FOREIGN KEY (`users_id`) REFERENCES `users` (`id`)
) ENGINE=InnoDB DEFAULT CHARSET=utf8mb4 COLLATE=utf8mb4_unicode_ci;
/*!40101 SET character_set_client = @saved_cs_client */;

--
-- Dumping data for table `likes`
--

LOCK TABLES `likes` WRITE;
/*!40000 ALTER TABLE `likes` DISABLE KEYS */;
INSERT INTO `likes` VALUES ('1',47,NULL,NULL,34,'1993-03-11 01:42:03'),('10',38,NULL,NULL,56,'2011-12-21 04:34:27'),('100',10,NULL,NULL,22,'1978-03-12 04:00:54'),('11',13,NULL,61,NULL,'1976-04-17 07:11:03'),('12',18,88,NULL,NULL,'2006-09-17 20:34:55'),('13',78,NULL,NULL,40,'1970-07-08 01:16:17'),('14',55,NULL,54,NULL,'1987-08-16 07:22:00'),('15',37,38,NULL,NULL,'1993-02-01 03:42:50'),('16',27,NULL,NULL,68,'1977-07-01 09:34:49'),('17',41,NULL,13,NULL,'1976-11-06 02:59:17'),('18',12,55,NULL,NULL,'1974-09-20 18:26:40'),('19',90,NULL,NULL,15,'2004-03-11 14:41:19'),('2',34,NULL,95,NULL,'1976-06-28 16:26:09'),('20',19,NULL,86,NULL,'1971-09-06 05:43:42'),('21',97,56,NULL,NULL,'2018-11-03 04:31:28'),('22',50,NULL,NULL,44,'2014-11-16 04:05:31'),('23',24,NULL,40,NULL,'1989-12-15 23:01:38'),('24',48,55,NULL,NULL,'1998-02-12 05:14:50'),('25',30,NULL,NULL,77,'1979-03-15 18:49:27'),('26',67,NULL,52,NULL,'2002-09-08 03:46:42'),('27',49,10,NULL,NULL,'1988-11-16 02:02:40'),('28',39,NULL,NULL,70,'1971-07-26 02:31:09'),('29',28,NULL,78,NULL,'2009-09-27 23:58:40'),('3',35,17,NULL,NULL,'2007-03-05 14:18:48'),('30',21,33,NULL,NULL,'1987-08-30 19:54:17'),('31',89,NULL,NULL,32,'1996-01-15 18:02:52'),('32',63,NULL,100,NULL,'2003-02-18 07:21:18'),('33',42,11,NULL,NULL,'1983-11-17 19:51:38'),('34',31,NULL,NULL,91,'2003-09-11 15:17:44'),('35',8,NULL,52,NULL,'2015-02-13 00:19:27'),('36',69,93,NULL,NULL,'1991-02-03 08:34:41'),('37',56,NULL,NULL,58,'1976-01-27 09:57:37'),('38',32,NULL,72,NULL,'2011-04-23 06:54:53'),('39',5,88,NULL,NULL,'1981-06-17 08:54:09'),('4',84,NULL,NULL,95,'1991-06-06 16:17:59'),('40',87,NULL,NULL,55,'2011-01-17 04:47:15'),('41',79,NULL,85,NULL,'1992-05-07 16:22:15'),('42',81,4,NULL,NULL,'1984-06-06 23:23:57'),('43',62,NULL,NULL,2,'1975-05-01 15:38:50'),('44',52,NULL,46,NULL,'1972-04-11 22:44:39'),('45',65,51,NULL,NULL,'1975-02-15 23:15:06'),('46',16,NULL,NULL,24,'1984-06-20 12:02:50'),('47',26,NULL,16,NULL,'1999-01-12 17:25:01'),('48',83,82,NULL,NULL,'2013-10-17 22:35:13'),('49',6,NULL,NULL,38,'1972-06-14 20:52:11'),('5',100,NULL,47,NULL,'1971-05-12 17:58:54'),('50',99,NULL,40,NULL,'1980-12-10 07:46:57'),('51',9,26,NULL,NULL,'1983-02-13 13:46:35'),('52',94,NULL,NULL,3,'2018-05-10 21:36:11'),('53',58,NULL,72,NULL,'1974-07-24 12:02:52'),('54',29,22,NULL,NULL,'1987-03-28 06:48:55'),('55',72,NULL,NULL,67,'1973-06-25 03:33:05'),('56',51,NULL,36,NULL,'1972-12-08 01:11:48'),('57',98,11,NULL,NULL,'1978-01-04 19:17:14'),('58',22,NULL,NULL,90,'1984-10-01 22:02:10'),('59',54,NULL,38,NULL,'2011-04-10 12:03:55'),('6',66,9,NULL,NULL,'2003-10-26 18:31:54'),('60',45,16,NULL,NULL,'1996-09-18 22:24:19'),('61',46,NULL,NULL,41,'1992-08-22 01:29:22'),('62',25,NULL,80,NULL,'2020-07-05 15:31:44'),('63',59,41,NULL,NULL,'2011-07-27 01:07:43'),('64',95,NULL,NULL,3,'1985-09-19 20:55:16'),('65',73,NULL,64,NULL,'2011-08-05 13:54:37'),('66',11,50,NULL,NULL,'1980-07-27 16:19:06'),('67',17,NULL,NULL,72,'1996-03-17 13:50:23'),('68',53,NULL,15,NULL,'1998-08-04 14:44:09'),('69',64,47,NULL,NULL,'1980-08-31 18:57:37'),('7',43,NULL,NULL,15,'2003-01-16 02:57:38'),('70',4,NULL,NULL,97,'1976-02-26 06:56:56'),('71',82,NULL,79,NULL,'1975-11-29 20:34:11'),('72',15,41,NULL,NULL,'1971-05-30 05:31:35'),('73',33,NULL,NULL,54,'1972-10-18 20:07:39'),('74',76,NULL,68,NULL,'1999-11-06 19:17:21'),('75',88,21,NULL,NULL,'1999-07-03 19:28:31'),('76',57,NULL,NULL,94,'2013-12-16 08:03:05'),('77',3,NULL,72,NULL,'2020-09-11 03:40:18'),('78',86,26,NULL,NULL,'1994-05-28 18:26:49'),('79',23,NULL,NULL,50,'1988-02-18 04:48:32'),('8',20,NULL,65,NULL,'1980-10-11 11:58:08'),('80',85,NULL,100,NULL,'2015-11-05 07:25:04'),('81',80,26,NULL,NULL,'1990-08-14 11:33:54'),('82',74,NULL,NULL,26,'2001-03-01 18:07:18'),('83',44,NULL,38,NULL,'2020-01-21 03:21:20'),('84',68,59,NULL,NULL,'2020-12-05 14:59:58'),('85',1,NULL,NULL,5,'1974-08-26 22:05:54'),('86',92,NULL,85,NULL,'1989-01-03 22:10:38'),('87',96,35,NULL,NULL,'1991-11-05 07:00:53'),('88',75,NULL,NULL,53,'2005-08-16 17:33:15'),('89',2,NULL,25,NULL,'1990-09-22 16:18:15'),('9',77,6,NULL,NULL,'2010-09-15 07:26:30'),('90',60,79,NULL,NULL,'1983-06-09 17:42:56'),('91',36,NULL,NULL,89,'1993-07-26 05:02:48'),('92',93,NULL,66,NULL,'2009-10-31 21:57:00'),('93',70,99,NULL,NULL,'1977-12-05 22:56:28'),('94',40,NULL,NULL,94,'1987-01-09 17:37:54'),('95',91,NULL,70,NULL,'2004-12-23 01:10:11'),('96',14,45,NULL,NULL,'2011-04-21 11:50:43'),('97',71,NULL,NULL,11,'1994-12-23 06:46:54'),('98',7,NULL,49,NULL,'2004-06-18 00:51:37'),('99',61,22,NULL,NULL,'1986-06-05 05:40:01');
/*!40000 ALTER TABLE `likes` ENABLE KEYS */;
UNLOCK TABLES;

--
-- Table structure for table `media`
--

DROP TABLE IF EXISTS `media`;
/*!40101 SET @saved_cs_client     = @@character_set_client */;
/*!50503 SET character_set_client = utf8mb4 */;
CREATE TABLE `media` (
  `id` int unsigned NOT NULL AUTO_INCREMENT,
  `media_types_id` int unsigned NOT NULL,
  `users_id` int unsigned DEFAULT NULL,
  `file` varchar(45) CHARACTER SET utf8mb4 COLLATE utf8mb4_unicode_ci DEFAULT NULL,
  `blob` blob,
  `metadata` longtext CHARACTER SET utf8mb4 COLLATE utf8mb4_bin,
  `created_at` datetime NOT NULL DEFAULT CURRENT_TIMESTAMP,
  `updated_at` datetime DEFAULT NULL,
  PRIMARY KEY (`id`),
  KEY `fk_media_media_types1_idx` (`media_types_id`),
  KEY `fk_media_users1_idx` (`users_id`),
  CONSTRAINT `fk_media_media_types1` FOREIGN KEY (`media_types_id`) REFERENCES `media_types` (`id`),
  CONSTRAINT `fk_media_users1` FOREIGN KEY (`users_id`) REFERENCES `users` (`id`),
  CONSTRAINT `media_chk_1` CHECK (json_valid(`metadata`))
) ENGINE=InnoDB AUTO_INCREMENT=101 DEFAULT CHARSET=utf8mb4 COLLATE=utf8mb4_unicode_ci;
/*!40101 SET character_set_client = @saved_cs_client */;

--
-- Dumping data for table `media`
--

LOCK TABLES `media` WRITE;
/*!40000 ALTER TABLE `media` DISABLE KEYS */;
INSERT INTO `media` VALUES (1,1,72,'application/vnd.kinar',NULL,NULL,'1992-07-31 16:23:58','2015-10-24 07:20:36'),(2,2,65,'application/vnd.data-vision.rdz',NULL,NULL,'2013-08-24 11:36:38',NULL),(3,1,50,'application/vnd.dece.zip',NULL,NULL,'2006-03-17 10:01:21',NULL),(4,1,60,'application/vnd.dece.unspecified',NULL,NULL,'2000-08-23 10:30:17','1992-08-03 08:48:25'),(5,3,37,'application/vnd.sun.xml.impress.template',NULL,NULL,'2006-01-10 17:35:21','2001-12-13 04:52:05'),(6,3,38,'application/xhtml+xml',NULL,NULL,'1983-05-29 11:23:27','1981-09-04 23:48:47'),(7,1,74,'application/x-iso9660-image',NULL,NULL,'2011-02-24 13:33:41','1977-10-10 15:27:52'),(8,2,36,'application/x-shar',NULL,NULL,'1985-05-21 04:04:14',NULL),(9,3,78,'application/vnd.ms-powerpoint',NULL,NULL,'1984-01-13 01:16:59','1988-09-30 15:27:36'),(10,3,48,'application/rss+xml',NULL,NULL,'2015-07-17 07:09:07',NULL),(11,1,61,'application/vnd.dece.zip',NULL,NULL,'2012-07-10 06:21:51','1977-09-25 12:23:31'),(12,2,71,'message/rfc822',NULL,NULL,'1974-10-19 05:24:47','1987-05-04 22:28:10'),(13,1,66,'audio/x-wav',NULL,NULL,'2006-09-04 14:42:17',NULL),(14,2,78,'model/vnd.vtu',NULL,NULL,'2004-07-26 15:07:16',NULL),(15,2,38,'application/x-zmachine',NULL,NULL,'1997-07-20 22:24:21',NULL),(16,2,70,'application/vnd.simtech-mindmapper',NULL,NULL,'1974-01-06 22:04:55',NULL),(17,1,5,'application/vnd.trueapp',NULL,NULL,'2009-07-31 12:12:18',NULL),(18,2,24,'application/vnd.shana.informed.formtemplate',NULL,NULL,'2007-11-14 11:47:36',NULL),(19,2,36,'application/vnd.kidspiration',NULL,NULL,'2013-09-15 02:46:02','2010-09-02 21:04:56'),(20,3,22,'application/x-font-woff',NULL,NULL,'1994-02-15 01:08:36',NULL),(21,3,56,'application/vnd.kinar',NULL,NULL,'2001-03-25 19:58:21',NULL),(22,2,82,'application/vnd.sus-calendar',NULL,NULL,'2003-09-05 12:50:25','1997-03-18 12:19:57'),(23,1,21,'model/vnd.gtw',NULL,NULL,'2009-01-06 01:35:08',NULL),(24,1,3,'application/x-font-type1',NULL,NULL,'2015-07-12 08:48:32','1973-02-25 06:26:19'),(25,3,11,'application/vnd.rn-realmedia',NULL,NULL,'2005-09-02 16:47:20','1975-11-28 19:29:47'),(26,2,22,'application/vnd.oasis.opendocument.formula',NULL,NULL,'1978-01-01 19:40:52','1988-11-23 22:08:31'),(27,3,88,'application/x-dgc-compressed',NULL,NULL,'2007-03-14 11:32:12',NULL),(28,3,85,'application/x-ms-xbap',NULL,NULL,'2011-04-23 16:52:49','2005-01-19 23:38:12'),(29,2,55,'application/x-mie',NULL,NULL,'1991-11-01 05:42:06',NULL),(30,2,91,'application/vnd.oasis.opendocument.graphics-t',NULL,NULL,'1995-12-25 00:56:55',NULL),(31,3,8,'application/x-bittorrent',NULL,NULL,'1973-11-07 21:26:46','1996-08-17 12:35:02'),(32,2,2,'application/vnd.oasis.opendocument.image-temp',NULL,NULL,'1990-03-09 13:54:23',NULL),(33,1,95,'application/vnd.fluxtime.clip',NULL,NULL,'1982-04-20 15:29:25','2019-06-01 18:16:31'),(34,1,67,'application/x-bittorrent',NULL,NULL,'1976-10-08 16:37:48','1991-01-11 18:19:33'),(35,1,8,'application/vnd.openxmlformats-officedocument',NULL,NULL,'1996-04-11 10:58:17',NULL),(36,3,1,'application/atom+xml',NULL,NULL,'1982-09-09 19:17:18',NULL),(37,2,48,'image/x-xbitmap',NULL,NULL,'2019-09-22 22:02:11',NULL),(38,3,94,'text/x-opml',NULL,NULL,'2002-07-21 17:19:52','2018-06-29 01:37:12'),(39,3,100,'application/vnd.kenameaapp',NULL,NULL,'2004-04-01 19:13:46','2012-09-07 21:17:39'),(40,3,66,'application/vnd.mozilla.xul+xml',NULL,NULL,'1983-02-21 08:17:05','2015-05-19 08:45:59'),(41,1,45,'application/x-xfig',NULL,NULL,'2008-09-19 22:43:40',NULL),(42,3,81,'application/vnd.smaf',NULL,NULL,'1999-07-16 21:52:44','2010-07-26 21:02:14'),(43,1,80,'application/x-sv4cpio',NULL,NULL,'1987-11-21 13:27:22','1998-04-26 12:48:27'),(44,2,87,'application/vnd.kde.kword',NULL,NULL,'2002-01-21 19:12:53',NULL),(45,2,27,'application/vnd.oasis.opendocument.image-temp',NULL,NULL,'2000-08-03 18:03:11',NULL),(46,3,27,'application/vnd.ibm.minipay',NULL,NULL,'1980-02-11 11:58:17',NULL),(47,2,39,'application/x-x509-ca-cert',NULL,NULL,'1971-06-20 01:01:50','2012-12-25 01:36:53'),(48,1,47,'application/vnd.rig.cryptonote',NULL,NULL,'1990-01-21 08:41:21','1996-09-19 00:45:48'),(49,1,52,'application/x-7z-compressed',NULL,NULL,'2012-11-22 15:52:55',NULL),(50,1,62,'application/vnd.shana.informed.interchange',NULL,NULL,'1972-07-06 23:23:37',NULL),(51,2,1,'application/vnd.dece.ttml+xml',NULL,NULL,'1982-02-08 23:23:25',NULL),(52,2,23,'audio/x-wav',NULL,NULL,'1996-02-09 07:05:50',NULL),(53,2,44,'application/pls+xml',NULL,NULL,'1987-05-29 10:29:54','1980-09-02 20:45:43'),(54,1,15,'video/x-mng',NULL,NULL,'2018-08-14 06:24:43',NULL),(55,2,11,'application/vnd.llamagraphics.life-balance.ex',NULL,NULL,'1990-01-06 10:50:52','1990-01-20 08:50:39'),(56,3,53,'application/vnd.enliven',NULL,NULL,'2010-03-04 14:22:06','1985-06-14 04:01:41'),(57,2,68,'application/vnd.oasis.opendocument.chart-temp',NULL,NULL,'2002-02-09 23:58:14','1998-02-05 00:21:01'),(58,1,89,'application/vnd.ezpix-package',NULL,NULL,'2004-11-27 13:37:07',NULL),(59,2,98,'application/vnd.ms-artgalry',NULL,NULL,'2013-03-17 20:36:12','1997-02-17 22:14:40'),(60,3,81,'application/vnd.flographit',NULL,NULL,'1986-01-03 05:07:16','1971-07-13 23:51:45'),(61,1,54,'audio/mp4',NULL,NULL,'1980-01-16 06:07:49',NULL),(62,1,57,'application/vnd.fdsn.mseed',NULL,NULL,'2001-09-08 17:20:59','1998-05-20 00:41:15'),(63,3,35,'video/h261',NULL,NULL,'1994-06-01 12:04:42',NULL),(64,1,24,'application/xhtml+xml',NULL,NULL,'1972-11-16 13:09:34',NULL),(65,3,16,'application/vnd.dpgraph',NULL,NULL,'1975-12-28 10:10:51','1997-12-13 06:30:01'),(66,3,46,'application/vnd.sun.xml.impress',NULL,NULL,'1974-01-24 05:31:59',NULL),(67,1,47,'model/vrml',NULL,NULL,'1983-02-03 01:55:58','2016-07-21 14:15:58'),(68,3,63,'video/vnd.dece.mobile',NULL,NULL,'2008-07-02 22:28:32',NULL),(69,3,83,'application/x-cdlink',NULL,NULL,'2009-11-23 04:42:55',NULL),(70,3,34,'application/vnd.xfdl',NULL,NULL,'2005-08-17 20:12:25',NULL),(71,3,59,'audio/x-caf',NULL,NULL,'1994-04-17 15:16:27',NULL),(72,3,49,'application/vnd.kodak-descriptor',NULL,NULL,'1977-07-25 07:18:05','1970-04-26 03:18:01'),(73,1,19,'video/vnd.ms-playready.media.pyv',NULL,NULL,'2012-08-28 23:28:37','1989-02-03 09:14:09'),(74,2,73,'application/javascript',NULL,NULL,'1989-01-23 17:06:21','1990-09-11 13:18:54'),(75,1,13,'application/vnd.oasis.opendocument.spreadshee',NULL,NULL,'2008-09-22 01:06:35','2002-08-14 00:51:21'),(76,2,39,'application/omdoc+xml',NULL,NULL,'1994-10-05 09:09:03',NULL),(77,2,60,'application/vnd.kde.kword',NULL,NULL,'2001-12-30 00:32:36','2008-04-17 15:08:16'),(78,3,57,'video/h263',NULL,NULL,'2000-02-14 18:13:55',NULL),(79,3,99,'application/vnd.hydrostatix.sof-data',NULL,NULL,'1976-12-29 11:16:27',NULL),(80,3,81,'application/vnd.visionary',NULL,NULL,'1983-05-11 09:20:33','1985-11-27 14:49:13'),(81,1,65,'image/x-portable-anymap',NULL,NULL,'2001-10-08 06:25:54',NULL),(82,1,30,'application/x-msaccess',NULL,NULL,'1975-04-04 23:24:42',NULL),(83,1,93,'application/vnd.dece.unspecified',NULL,NULL,'1986-02-12 21:13:58',NULL),(84,3,2,'application/vnd.wolfram.player',NULL,NULL,'2007-09-29 02:53:38','2011-01-25 13:16:55'),(85,3,70,'video/vnd.dece.hd',NULL,NULL,'1990-04-11 01:24:14','2006-03-01 09:56:11'),(86,2,68,'text/x-fortran',NULL,NULL,'1971-03-08 06:27:55','1983-01-17 00:20:29'),(87,1,20,'image/x-icon',NULL,NULL,'2001-01-26 08:29:41',NULL),(88,1,53,'application/rdf+xml',NULL,NULL,'2014-02-14 21:01:12',NULL),(89,2,54,'application/wsdl+xml',NULL,NULL,'2011-08-24 21:15:25','2002-10-07 00:14:15'),(90,1,54,'application/vnd.rn-realmedia',NULL,NULL,'1994-12-30 01:15:43',NULL),(91,2,78,'application/pkixcmp',NULL,NULL,'2010-06-01 23:18:55',NULL),(92,3,31,'video/x-ms-wm',NULL,NULL,'1973-08-30 11:49:06','1990-09-13 03:54:49'),(93,2,88,'application/x-freearc',NULL,NULL,'2016-08-01 13:37:43',NULL),(94,3,32,'application/x-shockwave-flash',NULL,NULL,'2019-12-22 10:15:13',NULL),(95,3,68,'application/java-vm',NULL,NULL,'2004-06-07 22:09:19',NULL),(96,1,99,'image/cgm',NULL,NULL,'1998-04-05 09:39:43','2016-04-08 22:53:57'),(97,1,37,'application/vnd.oasis.opendocument.text-web',NULL,NULL,'2001-11-14 15:30:44',NULL),(98,1,44,'application/vnd.rn-realmedia-vbr',NULL,NULL,'1978-05-19 11:17:47','1992-03-07 13:13:37'),(99,1,20,'application/vnd.syncml+xml',NULL,NULL,'1995-03-01 06:49:31','2018-10-05 11:59:09'),(100,2,5,'application/x-tgif',NULL,NULL,'2009-12-25 01:54:09','2009-02-11 05:35:22');
/*!40000 ALTER TABLE `media` ENABLE KEYS */;
UNLOCK TABLES;

--
-- Table structure for table `media_types`
--

DROP TABLE IF EXISTS `media_types`;
/*!40101 SET @saved_cs_client     = @@character_set_client */;
/*!50503 SET character_set_client = utf8mb4 */;
CREATE TABLE `media_types` (
  `id` int unsigned NOT NULL AUTO_INCREMENT,
  `name` varchar(45) CHARACTER SET utf8mb4 COLLATE utf8mb4_unicode_ci NOT NULL,
  PRIMARY KEY (`id`),
  UNIQUE KEY `name_UNIQUE` (`name`)
) ENGINE=InnoDB AUTO_INCREMENT=4 DEFAULT CHARSET=utf8mb4 COLLATE=utf8mb4_unicode_ci;
/*!40101 SET character_set_client = @saved_cs_client */;

--
-- Dumping data for table `media_types`
--

LOCK TABLES `media_types` WRITE;
/*!40000 ALTER TABLE `media_types` DISABLE KEYS */;
INSERT INTO `media_types` VALUES (1,'audio'),(3,'img'),(2,'video');
/*!40000 ALTER TABLE `media_types` ENABLE KEYS */;
UNLOCK TABLES;

--
-- Table structure for table `messages`
--

DROP TABLE IF EXISTS `messages`;
/*!40101 SET @saved_cs_client     = @@character_set_client */;
/*!50503 SET character_set_client = utf8mb4 */;
CREATE TABLE `messages` (
  `id` int unsigned NOT NULL AUTO_INCREMENT,
  `from_users_id` int unsigned NOT NULL,
  `to_users_id` int unsigned NOT NULL,
  `text` text CHARACTER SET utf8mb4 COLLATE utf8mb4_unicode_ci,
  `created_at` datetime NOT NULL DEFAULT CURRENT_TIMESTAMP,
  `read_at` datetime DEFAULT NULL COMMENT 'IS NOT NULL',
  `media_id` int unsigned DEFAULT NULL,
  PRIMARY KEY (`id`,`to_users_id`),
  KEY `fk_messages_users1_idx` (`from_users_id`),
  KEY `fk_messages_users2_idx` (`to_users_id`),
  KEY `fk_messages_media1_idx` (`media_id`),
  CONSTRAINT `fk_messages_media1` FOREIGN KEY (`media_id`) REFERENCES `media` (`id`),
  CONSTRAINT `fk_messages_users1` FOREIGN KEY (`from_users_id`) REFERENCES `users` (`id`),
  CONSTRAINT `fk_messages_users2` FOREIGN KEY (`to_users_id`) REFERENCES `users` (`id`)
) ENGINE=InnoDB AUTO_INCREMENT=101 DEFAULT CHARSET=utf8mb4 COLLATE=utf8mb4_unicode_ci;
/*!40101 SET character_set_client = @saved_cs_client */;

--
-- Dumping data for table `messages`
--

LOCK TABLES `messages` WRITE;
/*!40000 ALTER TABLE `messages` DISABLE KEYS */;
INSERT INTO `messages` VALUES (1,26,72,'Et labore sit doloremque laboriosam dicta.','2001-07-03 13:37:22','1975-09-10 04:50:24',1),(2,9,70,'Necessitatibus assumenda omnis rerum enim et porro.','1982-02-03 03:22:10',NULL,NULL),(3,43,56,'Repudiandae atque inventore a eos aliquam magni et aperiam.','2011-06-17 17:55:18',NULL,3),(4,61,6,'Aut eos velit consequatur et quo nihil sapiente.','1971-04-04 23:00:42','1993-09-18 07:36:57',NULL),(5,91,75,'Iste nihil dolor qui cupiditate fugiat dolorem.','1974-06-08 22:18:16',NULL,5),(6,60,70,'Dolor vitae possimus veniam est pariatur impedit ut.','2015-10-11 20:21:59',NULL,NULL),(7,66,89,'Rerum incidunt autem magni cupiditate tenetur dolor.','2005-06-22 02:04:58','1990-02-07 06:21:43',7),(8,69,72,'Molestiae labore eligendi hic voluptate consequatur quia labore voluptas.','1979-02-19 04:03:01',NULL,NULL),(9,15,55,'Sed doloribus eius dicta recusandae explicabo velit incidunt.','2012-08-16 17:40:58','1979-11-30 16:47:55',9),(10,78,71,'Eveniet eveniet sunt enim temporibus sit accusamus rerum.','1978-02-14 04:03:22','1976-11-27 22:42:27',NULL),(11,61,66,'Voluptas ea vitae voluptatem atque in.','1999-04-20 00:52:03',NULL,11),(12,78,66,'Tenetur modi vitae illum non unde occaecati.','1999-09-27 15:17:46',NULL,NULL),(13,30,69,'Nobis et ut eos quia necessitatibus est aut qui.','1971-08-10 02:15:19',NULL,13),(14,66,4,'Ut magnam odio excepturi consequatur.','1974-05-12 00:23:53','1995-03-23 15:47:26',NULL),(15,9,97,'Illo quis culpa velit aut delectus mollitia.','1997-01-10 21:02:36','2017-07-08 00:20:57',15),(16,38,34,'Aut rerum pariatur a illo voluptatem facere deserunt.','1999-03-11 18:15:58','2014-05-29 11:17:19',NULL),(17,68,46,'Beatae delectus maxime voluptas aperiam.','1977-04-02 02:49:21',NULL,17),(18,4,11,'Iure consectetur sed non quis.','2021-01-01 15:43:52','2017-10-30 11:35:29',NULL),(19,1,64,'Facere aut dolor nobis harum sunt.','1980-08-06 06:40:57','1979-03-18 23:29:22',19),(20,17,92,'Accusantium quo enim beatae.','2020-10-31 07:52:08','1973-12-18 20:27:42',NULL),(21,39,76,'Exercitationem eum ipsam minima maxime quidem tenetur eaque.','1987-12-29 07:49:14','1993-10-21 11:49:42',21),(22,61,4,'Perferendis id omnis iure.','1975-11-07 13:16:37',NULL,NULL),(23,65,29,'Tempore iure et consectetur reiciendis iusto fuga.','1984-09-01 13:13:06','1975-11-29 04:32:43',23),(24,76,79,'Est enim harum quod illo sed qui eaque.','2006-06-14 14:45:18','2021-01-19 01:18:59',NULL),(25,84,54,'Minima voluptates voluptas voluptas quo aut sit accusamus.','2016-10-30 19:33:10','2017-12-13 23:04:46',25),(26,49,44,'Qui aut quaerat eos qui.','1994-10-29 11:10:45','1976-07-26 06:11:11',NULL),(27,19,27,'Vitae rem perspiciatis veniam voluptatibus dignissimos aut quia rerum.','1998-11-04 08:05:55',NULL,27),(28,10,48,'Placeat beatae iusto maxime.','1971-12-03 11:50:57','2009-07-28 16:13:03',NULL),(29,96,76,'Veniam totam nisi accusamus rem aperiam reprehenderit eum.','2016-09-13 02:47:46','2011-12-31 16:58:28',29),(30,52,4,'Eum minima fuga earum debitis.','2002-06-03 03:10:11','2007-03-29 08:37:15',NULL),(31,72,89,'Perferendis numquam neque non vitae suscipit.','1983-07-10 02:33:31','2017-06-20 09:34:50',31),(32,38,40,'Consequatur ut animi iure delectus.','2017-06-12 06:11:23',NULL,NULL),(33,35,41,'Aut id tempora ut nesciunt nemo.','1976-08-23 02:21:52',NULL,33),(34,50,35,'Velit ducimus et et.','1982-08-07 03:50:31',NULL,NULL),(35,4,67,'Consequatur commodi est libero.','2017-04-23 18:27:59','1998-08-08 23:23:24',35),(36,27,42,'Itaque velit quo minima eveniet.','2005-05-25 08:29:28',NULL,NULL),(37,42,88,'Veritatis magni voluptatem nemo qui est.','1983-02-16 00:24:56','1983-07-10 11:40:25',37),(38,46,7,'Et reprehenderit ut cupiditate sapiente dolores eveniet pariatur.','1973-09-19 03:05:24','2019-01-21 10:37:23',NULL),(39,16,22,'Eveniet totam sunt soluta in qui dignissimos.','2000-10-21 09:39:13','2000-03-24 01:10:34',39),(40,85,100,'Maxime iste ea provident nulla.','2012-04-11 20:03:04',NULL,NULL),(41,75,34,'Perspiciatis id eligendi voluptas sed commodi.','2007-12-29 17:30:59','2000-07-11 13:02:52',41),(42,44,94,'Dolor dolorem aperiam quibusdam earum quod.','2017-04-11 07:52:21','1982-10-15 07:28:03',NULL),(43,60,54,'Corrupti libero occaecati tempora qui quos aut.','2001-09-04 07:16:10',NULL,43),(44,42,56,'Id molestiae modi perspiciatis hic corporis.','2014-02-12 19:12:02',NULL,NULL),(45,29,93,'Non similique nihil veniam iusto temporibus.','1999-11-27 02:18:24',NULL,45),(46,59,1,'Ipsum omnis doloribus accusantium tenetur vero.','2015-09-06 13:57:29',NULL,NULL),(47,82,97,'Quidem ducimus vitae similique dolorem.','2006-04-30 04:52:45',NULL,47),(48,40,16,'Alias qui eligendi similique mollitia et error et.','1999-12-25 18:59:31',NULL,NULL),(49,37,90,'Eos commodi non quis impedit.','1992-01-03 15:06:27','1983-01-08 02:06:34',49),(50,51,40,'Est est quia non voluptas sint tempora culpa eos.','1976-10-25 05:11:37','1999-10-05 04:30:41',NULL),(51,56,78,'Sunt velit soluta voluptate.','1976-12-28 09:57:42','2002-12-29 14:49:48',51),(52,82,98,'Temporibus aut nobis distinctio qui dolorem laboriosam.','2014-03-02 10:34:08',NULL,NULL),(53,65,28,'Est commodi necessitatibus qui officia natus odio.','1982-11-10 03:54:25',NULL,53),(54,4,81,'Temporibus necessitatibus molestiae error ducimus explicabo.','1997-10-18 19:27:33','1996-10-05 23:18:42',NULL),(55,49,89,'Nihil necessitatibus id est impedit inventore eum saepe.','2004-06-30 23:23:33',NULL,55),(56,80,24,'Ipsum itaque fugiat rerum error est repellat.','1983-03-04 09:14:38',NULL,NULL),(57,22,24,'Aut numquam blanditiis consequuntur aut facere natus.','2007-01-17 16:53:37','2009-10-28 08:23:58',57),(58,18,82,'Provident assumenda ipsum inventore nihil fugiat et molestiae.','1982-10-04 00:06:53','1986-03-29 06:53:18',NULL),(59,77,60,'Sapiente perspiciatis aliquid non.','2016-03-11 07:01:48',NULL,59),(60,37,6,'Eaque eos minima sequi officiis est nemo.','1994-01-13 14:52:01',NULL,NULL),(61,53,96,'Nihil porro voluptatibus animi sit.','1993-11-05 03:43:26','1975-05-09 00:02:47',61),(62,6,34,'Impedit saepe fugiat illum sit ad dolorem.','1996-10-22 01:49:17','2012-06-29 03:22:12',NULL),(63,92,45,'Perferendis possimus nihil ipsam vel nihil consectetur eaque laborum.','1982-04-10 13:43:27','2004-06-26 17:20:04',63),(64,50,29,'Non adipisci et dolor provident aliquam sint ut blanditiis.','1997-03-12 06:59:09','2002-11-27 08:20:31',NULL),(65,35,100,'Quae dolore autem id expedita quam.','2014-01-12 10:34:59',NULL,65),(66,68,90,'Harum laboriosam quis ullam modi magni a voluptatum.','1999-01-07 13:01:44',NULL,NULL),(67,78,50,'Quia illo aut impedit autem blanditiis.','1989-06-22 20:51:17',NULL,67),(68,88,42,'Explicabo voluptas ut harum quasi et.','2002-05-18 06:18:33',NULL,NULL),(69,78,91,'Sed similique totam nulla dolorum.','2004-08-10 22:23:22','1994-04-23 15:10:26',69),(70,22,27,'Sed soluta illo accusamus eos nihil.','2019-12-27 09:08:15',NULL,NULL),(71,80,2,'Omnis eum repellendus quia id non.','2013-12-26 11:25:10','1993-01-10 03:51:46',71),(72,51,2,'Possimus in et delectus doloremque laboriosam.','1986-06-05 04:55:32','1979-02-25 09:42:43',NULL),(73,26,68,'Aut dignissimos id in consequatur et harum excepturi.','1970-01-04 22:41:14','2005-03-12 13:23:00',73),(74,83,2,'Qui expedita aperiam eum aperiam blanditiis.','2013-11-01 16:21:09',NULL,NULL),(75,27,20,'Itaque rerum voluptas facere consectetur aut inventore architecto.','2001-09-02 00:51:00','2011-06-29 15:19:28',75),(76,8,79,'Quis atque quia quibusdam voluptatem.','2002-11-18 23:30:08',NULL,NULL),(77,16,13,'Iste quos autem itaque veniam vero.','1977-09-30 08:43:57','1989-04-28 02:21:11',77),(78,13,8,'Quidem eum odio perferendis architecto harum et sit.','2020-12-18 09:33:27','2003-12-26 03:34:45',NULL),(79,58,62,'Occaecati impedit perspiciatis aperiam doloribus.','1997-11-01 09:24:04',NULL,79),(80,36,93,'Non voluptatem officia et est qui.','1985-10-08 18:00:00','1980-08-31 23:35:52',NULL),(81,62,4,'Ut fugit eum soluta quidem consequatur.','1995-03-10 22:58:21',NULL,81),(82,83,39,'Id velit repellendus beatae ipsam ea quidem.','1971-05-29 01:23:00','2002-02-21 00:47:46',NULL),(83,54,70,'Ut molestiae velit pariatur ab qui porro.','2003-11-01 08:52:45',NULL,83),(84,80,31,'Molestiae saepe sint ab dolor.','2010-06-25 22:46:59',NULL,NULL),(85,61,2,'Suscipit illum et et doloribus animi necessitatibus.','2002-10-01 00:33:24','2010-01-07 11:10:48',85),(86,57,40,'Illo et minima assumenda voluptatem.','1983-02-10 23:41:34','2015-08-18 23:19:48',NULL),(87,3,7,'Vitae totam vel voluptatem et enim ad et quis.','2018-04-13 18:57:54',NULL,87),(88,41,28,'Ex iusto velit totam voluptatibus inventore.','2015-04-17 13:01:29',NULL,NULL),(89,74,24,'Ea occaecati omnis ut ad doloremque.','1993-07-30 19:51:39',NULL,89),(90,30,1,'Animi alias maiores ullam illo voluptas.','1999-02-16 04:50:54','2014-08-16 21:18:58',NULL),(91,43,38,'Quis voluptatem maiores similique in cumque ipsum sit.','2010-12-28 05:04:45','2016-01-18 23:34:29',91),(92,80,59,'Quia temporibus laudantium tempore incidunt ut dolor.','1976-07-26 18:34:45',NULL,NULL),(93,50,92,'Nihil suscipit itaque minus.','2008-05-11 04:29:10',NULL,93),(94,66,8,'Et adipisci occaecati natus officiis possimus.','1981-04-28 21:24:50',NULL,NULL),(95,53,2,'Tempore quo quae aspernatur et quia modi quidem et.','1985-09-26 10:10:36',NULL,95),(96,100,15,'Sunt porro molestiae iure esse.','1976-02-04 10:22:14',NULL,NULL),(97,5,82,'Ipsum accusamus saepe cumque officia pariatur.','1994-02-05 15:59:48','2006-08-05 18:01:21',97),(98,54,58,'Quos consequatur ducimus est perferendis beatae commodi.','2011-10-14 20:25:44','2005-05-10 22:16:44',NULL),(99,51,33,'Sunt nihil esse quasi amet perferendis quas.','1990-11-02 14:31:48','2008-10-11 21:15:04',99),(100,88,12,'Totam voluptatem et iusto sequi debitis laboriosam.','1991-08-28 10:15:43','1988-04-12 10:14:27',NULL);
/*!40000 ALTER TABLE `messages` ENABLE KEYS */;
UNLOCK TABLES;

--
-- Table structure for table `posts`
--

DROP TABLE IF EXISTS `posts`;
/*!40101 SET @saved_cs_client     = @@character_set_client */;
/*!50503 SET character_set_client = utf8mb4 */;
CREATE TABLE `posts` (
  `id` int unsigned NOT NULL AUTO_INCREMENT,
  `posts_id` int unsigned DEFAULT NULL,
  `users_id` int unsigned NOT NULL,
  `communites_id` int unsigned DEFAULT NULL,
  `text` text CHARACTER SET utf8mb4 COLLATE utf8mb4_unicode_ci,
  `media_id` int unsigned DEFAULT NULL,
  `created_at` datetime NOT NULL,
  `likes_id` int unsigned NOT NULL,
  PRIMARY KEY (`id`),
  KEY `fk_posts_users1_idx` (`users_id`),
  KEY `fk_posts_communites1_idx` (`communites_id`),
  KEY `fk_posts_media1_idx` (`media_id`),
  KEY `fk_posts_posts1_idx` (`posts_id`),
  CONSTRAINT `fk_posts_communites1` FOREIGN KEY (`communites_id`) REFERENCES `communites` (`id`),
  CONSTRAINT `fk_posts_media1` FOREIGN KEY (`media_id`) REFERENCES `media` (`id`),
  CONSTRAINT `fk_posts_posts1` FOREIGN KEY (`posts_id`) REFERENCES `posts` (`id`),
  CONSTRAINT `fk_posts_users1` FOREIGN KEY (`users_id`) REFERENCES `users` (`id`)
) ENGINE=InnoDB AUTO_INCREMENT=101 DEFAULT CHARSET=utf8mb4 COLLATE=utf8mb4_unicode_ci;
/*!40101 SET character_set_client = @saved_cs_client */;

--
-- Dumping data for table `posts`
--

LOCK TABLES `posts` WRITE;
/*!40000 ALTER TABLE `posts` DISABLE KEYS */;
INSERT INTO `posts` VALUES (1,NULL,95,2,'Ut numquam amet quas reiciendis.',1,'1979-10-31 06:16:30',0),(2,NULL,64,8,'Vitae aperiam architecto voluptatem culpa voluptatem veniam aut.',2,'2020-05-26 17:46:15',0),(3,NULL,36,NULL,'Voluptatem aut soluta dolores.',3,'2020-04-10 04:18:57',0),(4,NULL,23,10,'Quaerat nihil dolorem vel ipsum consequatur quaerat non.',NULL,'1984-07-20 06:15:01',0),(5,NULL,41,9,'Aut animi quidem sed.',5,'2011-09-29 11:45:26',0),(6,NULL,86,NULL,'Inventore quo est possimus omnis.',6,'2019-09-14 22:46:06',0),(7,NULL,38,3,'Et et laborum quas debitis deleniti qui.',7,'1985-03-11 03:32:44',0),(8,NULL,81,2,'Consequatur illum animi accusantium inventore porro ipsa quis.',NULL,'1972-11-14 10:26:55',0),(9,NULL,56,NULL,'Suscipit ullam nesciunt quis rerum.',9,'1974-06-22 14:42:53',0),(10,NULL,34,10,'Et laboriosam quia fugit numquam accusamus.',10,'1995-03-12 06:34:42',0),(11,NULL,3,6,'Commodi qui assumenda doloribus quia.',11,'2016-12-14 16:14:12',0),(12,NULL,1,NULL,'Autem sunt ut tempora magni sit dolores.',NULL,'1977-02-09 15:58:40',0),(13,NULL,82,4,'Dolorem facere sed nemo et totam.',13,'2019-05-09 12:18:19',0),(14,NULL,70,1,'Quae aperiam explicabo veniam aspernatur voluptatem officiis pariatur.',14,'1996-07-27 01:12:49',0),(15,NULL,42,NULL,'Voluptas non ut molestiae ut.',15,'2019-05-04 13:51:23',0),(16,NULL,22,4,'Velit molestiae iure est odio officia quisquam incidunt doloribus.',NULL,'2016-04-20 20:16:41',0),(17,NULL,27,9,'Minus est possimus minima ut est.',17,'1997-09-07 23:14:59',0),(18,NULL,9,NULL,'Ut qui earum eos dolorem itaque ex et.',18,'2016-09-24 21:08:28',0),(19,NULL,85,4,'Eaque et est animi ea placeat laborum nesciunt.',19,'1970-05-30 17:58:34',0),(20,NULL,54,3,'Velit suscipit molestiae illum dolorem dolorum aut id.',NULL,'1984-04-07 01:43:10',0),(21,NULL,19,NULL,'Placeat deserunt eos inventore blanditiis ut nihil exercitationem.',21,'2007-02-01 12:36:10',0),(22,NULL,32,6,'Aspernatur quod occaecati tenetur iste.',22,'1987-07-02 13:43:08',0),(23,NULL,69,2,'Non ea sequi et rerum excepturi distinctio qui.',23,'2007-04-01 12:35:18',0),(24,NULL,69,NULL,'Voluptate et facere ipsum autem.',NULL,'1973-03-25 02:04:16',0),(25,NULL,38,1,'Illum sunt est saepe nam.',25,'2011-02-10 08:40:33',0),(26,NULL,19,5,'Minima doloribus voluptas sit vel animi.',26,'1986-03-07 14:16:51',0),(27,NULL,60,NULL,'Doloribus earum quidem repudiandae reprehenderit molestiae asperiores non.',27,'1975-01-03 10:31:29',0),(28,NULL,48,5,'Omnis eligendi vel earum culpa.',NULL,'1991-04-25 00:24:14',0),(29,NULL,53,2,'In quos laboriosam voluptas reprehenderit illum.',29,'2008-06-17 02:41:47',0),(30,NULL,46,NULL,'Dignissimos reiciendis est odit harum ut cupiditate nihil.',30,'1983-01-05 07:10:09',0),(31,NULL,27,7,'Ullam explicabo eos blanditiis enim et sed est repudiandae.',31,'2009-04-30 10:42:12',0),(32,NULL,29,6,'Ea est veritatis optio quod.',NULL,'2008-04-25 06:21:14',0),(33,NULL,52,NULL,'Tenetur ea tenetur dolorem.',33,'2006-08-07 22:43:34',0),(34,NULL,17,4,'Totam aut in adipisci et aliquid nihil.',34,'1989-12-30 09:16:37',0),(35,NULL,69,8,'Vero possimus fugiat et quidem nihil.',35,'1982-01-18 05:35:52',0),(36,NULL,63,NULL,'Dolore dolor cumque tempore repellendus id qui.',NULL,'1998-08-24 21:17:09',0),(37,NULL,10,10,'Odio voluptate et tempore in vero ipsam.',37,'1981-10-07 19:12:20',0),(38,NULL,42,8,'Sit ut qui sit quidem eligendi vitae omnis.',38,'2020-02-20 10:23:57',0),(39,NULL,6,NULL,'Eveniet placeat unde fugiat ratione.',39,'1971-10-23 12:01:13',0),(40,NULL,1,5,'Voluptas qui soluta sapiente numquam laborum natus vitae.',NULL,'1988-04-06 08:48:20',0),(41,NULL,12,2,'Dolore accusamus non repellendus ipsam est necessitatibus.',41,'2016-02-18 23:53:04',0),(42,NULL,83,NULL,'Eaque cum quo libero consequatur dolores.',42,'1971-12-31 00:23:54',0),(43,NULL,38,4,'Deleniti ipsa asperiores sit maxime quia.',43,'2011-10-28 17:30:31',0),(44,NULL,12,10,'Perferendis itaque ipsum sed vero aut.',NULL,'1998-06-06 01:09:43',0),(45,NULL,48,NULL,'Quis saepe voluptas aut quisquam nostrum recusandae.',45,'1981-09-13 17:01:53',0),(46,NULL,84,8,'Fugit culpa iusto doloribus quia.',46,'2007-06-15 19:06:28',0),(47,NULL,24,2,'Ipsa autem dolorum incidunt quia aut tempore quis est.',47,'1975-10-28 10:07:50',0),(48,NULL,29,NULL,'Iure animi laudantium aliquam sed quidem rerum.',NULL,'1989-01-25 23:10:31',0),(49,NULL,50,5,'Quia quo labore quos in est corrupti.',49,'2011-05-01 00:48:40',0),(50,NULL,12,2,'Debitis quia necessitatibus quia rerum et.',50,'1990-06-26 07:41:43',0),(51,NULL,15,NULL,'Illum aliquid est aut eveniet iure.',51,'1989-07-19 18:58:43',0),(52,NULL,4,3,'Aperiam omnis possimus nulla autem odit voluptatem voluptatibus.',NULL,'1971-07-17 16:15:26',0),(53,NULL,68,5,'Voluptas eum exercitationem quidem quod.',53,'1978-03-08 16:57:40',0),(54,NULL,1,NULL,'Hic ad inventore qui impedit blanditiis.',54,'1979-06-08 04:37:40',0),(55,NULL,56,1,'Quibusdam recusandae qui animi adipisci unde quaerat fuga.',55,'1971-08-09 20:16:50',0),(56,NULL,17,7,'In officiis repellendus cumque possimus.',NULL,'2003-09-24 07:56:01',0),(57,NULL,21,NULL,'Modi ut aut dolorem ab quae.',57,'2003-02-24 19:23:56',0),(58,NULL,37,6,'Et ea vitae voluptatem veritatis et iure.',58,'1973-12-20 18:50:16',0),(59,NULL,30,5,'Mollitia magnam eum nostrum atque veniam adipisci quibusdam iusto.',59,'1971-02-13 04:18:23',0),(60,NULL,50,NULL,'Voluptatem voluptatem ut saepe voluptas ut odio.',NULL,'1997-03-12 10:28:41',0),(61,NULL,5,4,'Ut in hic quia et tenetur repellendus maxime.',61,'1983-04-29 05:52:11',0),(62,NULL,53,3,'Et cumque voluptatum doloribus quasi.',62,'2003-02-28 15:15:12',0),(63,NULL,45,NULL,'Modi enim sed et mollitia velit qui quod.',63,'1991-07-06 08:50:02',0),(64,NULL,3,10,'Quia est voluptatibus quidem.',NULL,'2019-07-11 22:07:33',0),(65,NULL,26,2,'Temporibus accusamus sed aspernatur in rerum inventore maxime.',65,'1998-01-31 03:24:57',0),(66,NULL,12,NULL,'Culpa laboriosam quidem nam accusamus esse.',66,'1981-09-27 21:07:30',0),(67,NULL,89,2,'Alias et dicta voluptatem velit qui nobis.',67,'2010-01-28 19:48:10',0),(68,NULL,64,6,'Rem laboriosam ut pariatur accusantium.',NULL,'2014-08-07 12:05:36',0),(69,NULL,61,NULL,'Totam rem nostrum sequi veritatis.',69,'1999-08-04 09:04:26',0),(70,NULL,29,2,'Quod fugiat iusto voluptatem quibusdam doloribus quae et recusandae.',70,'1990-06-04 18:04:44',0),(71,NULL,67,5,'Non aut ut sed sint quibusdam aut.',71,'1979-08-30 05:16:00',0),(72,NULL,82,NULL,'Consectetur incidunt ut et saepe reiciendis quos et.',NULL,'1999-07-18 23:08:55',0),(73,NULL,44,2,'Rerum eos accusamus et quod animi perferendis eos.',73,'1979-07-16 17:30:09',0),(74,NULL,46,8,'Non eos labore et rem.',74,'2007-10-05 19:38:08',0),(75,NULL,67,NULL,'Voluptatum voluptatum aliquam numquam sed dolorem sint labore.',75,'2020-10-06 04:11:04',0),(76,NULL,52,8,'Consectetur quod ut aut omnis aut.',NULL,'1988-10-26 22:04:32',0),(77,NULL,28,1,'Sit adipisci officia deserunt ab est nemo.',77,'2006-10-25 18:56:22',0),(78,NULL,100,NULL,'Molestiae voluptas itaque rem suscipit reiciendis ut.',78,'1972-03-16 17:37:32',0),(79,NULL,84,1,'Rerum in nobis ut atque necessitatibus veritatis est provident.',79,'2005-03-12 06:57:02',0),(80,NULL,67,1,'Vitae repellat corrupti quia dolores quidem.',NULL,'2000-11-02 09:34:25',0),(81,NULL,17,NULL,'Mollitia tenetur qui assumenda nulla voluptatem.',81,'1985-10-17 16:18:02',0),(82,NULL,49,1,'Sit saepe est et soluta.',82,'1975-12-14 16:49:32',0),(83,NULL,93,2,'Eos harum nam eum voluptatem laboriosam sit itaque.',83,'1997-01-01 01:29:13',0),(84,NULL,61,NULL,'Voluptatem inventore laboriosam omnis sunt.',NULL,'2020-03-29 01:53:03',0),(85,NULL,77,9,'Tenetur omnis autem ducimus dolorem.',85,'1983-11-30 00:20:17',0),(86,NULL,69,5,'Sed dolorem laborum debitis laborum qui rerum incidunt.',86,'1980-06-18 22:09:34',0),(87,NULL,35,NULL,'Voluptatibus ut quod ipsa cum reiciendis est quis.',87,'1983-09-10 18:11:37',0),(88,NULL,30,8,'Magni quis ducimus labore nobis illum.',NULL,'1993-07-14 15:55:48',0),(89,NULL,69,8,'Voluptatem ratione et dignissimos et.',89,'1986-03-16 06:07:00',0),(90,NULL,52,NULL,'Quaerat tenetur ea at hic laborum aperiam soluta explicabo.',90,'1992-09-25 16:22:38',0),(91,NULL,70,1,'Corporis repellat non totam nobis.',91,'2009-03-20 12:08:12',0),(92,NULL,7,10,'Ipsam laudantium rerum consectetur excepturi maiores.',NULL,'2012-06-18 09:11:28',0),(93,NULL,7,NULL,'Qui qui est et dolorem necessitatibus odit.',93,'1977-11-13 16:37:01',0),(94,NULL,70,10,'Ipsum fuga corporis voluptatibus nostrum blanditiis sed dolor ut.',94,'2008-05-22 19:25:20',0),(95,NULL,9,4,'Et neque quia et velit quo dolor.',95,'2003-08-26 13:39:35',0),(96,NULL,100,NULL,'Modi laboriosam alias ullam quos consequatur iusto quas.',NULL,'1975-02-26 20:21:28',0),(97,NULL,15,5,'Placeat iste corrupti consectetur numquam commodi.',97,'2003-01-01 07:24:17',0),(98,NULL,31,1,'Magnam et est nesciunt officia sequi ratione molestiae.',98,'1987-05-22 19:22:07',0),(99,NULL,61,NULL,'Tenetur sapiente dolorem assumenda tempore repellat expedita quos quos.',99,'2016-09-25 18:41:12',0),(100,NULL,60,4,'Velit saepe neque ut molestiae excepturi debitis sit.',NULL,'1994-02-20 06:44:42',0);
/*!40000 ALTER TABLE `posts` ENABLE KEYS */;
UNLOCK TABLES;

--
-- Table structure for table `profiles`
--

DROP TABLE IF EXISTS `profiles`;
/*!40101 SET @saved_cs_client     = @@character_set_client */;
/*!50503 SET character_set_client = utf8mb4 */;
CREATE TABLE `profiles` (
  `users_id` int unsigned NOT NULL,
  `firstname` varchar(145) CHARACTER SET utf8mb4 COLLATE utf8mb4_unicode_ci NOT NULL,
  `lastname` varchar(145) CHARACTER SET utf8mb4 COLLATE utf8mb4_unicode_ci NOT NULL,
  `gender` enum('m','f','x') CHARACTER SET utf8mb4 COLLATE utf8mb4_unicode_ci NOT NULL,
  `birthday` date NOT NULL,
  `address` varchar(245) CHARACTER SET utf8mb4 COLLATE utf8mb4_unicode_ci DEFAULT NULL,
  `created_at` datetime NOT NULL DEFAULT CURRENT_TIMESTAMP,
  `updated_at` datetime DEFAULT NULL,
  `photo_id` int unsigned DEFAULT NULL,
  PRIMARY KEY (`users_id`),
  KEY `fk_profiles_profiles_idx` (`users_id`),
  KEY `fk_profiles_media1_idx` (`photo_id`),
  CONSTRAINT `fk_profiles_media1` FOREIGN KEY (`photo_id`) REFERENCES `media` (`id`),
  CONSTRAINT `fk_profiles_profiles` FOREIGN KEY (`users_id`) REFERENCES `users` (`id`)
) ENGINE=InnoDB DEFAULT CHARSET=utf8mb4 COLLATE=utf8mb4_unicode_ci;
/*!40101 SET character_set_client = @saved_cs_client */;

--
-- Dumping data for table `profiles`
--

LOCK TABLES `profiles` WRITE;
/*!40000 ALTER TABLE `profiles` DISABLE KEYS */;
INSERT INTO `profiles` VALUES (1,'Irving','Lesch','f','2000-08-24','1578 Sean Way Apt. 538','1994-10-20 18:50:30','1992-08-15 19:26:32',34),(2,'Vivian','Pacocha','m','1995-09-06','74929 General Hills Suite 594','2016-08-29 00:07:23','2010-10-27 18:08:27',80),(3,'Margarete','Senger','m','2011-04-06','15004 Hilda Garden','2003-06-25 19:37:40','1994-05-25 06:14:35',100),(4,'Roxane','Sauer','f','2003-11-04','24920 Treutel Club','2007-04-17 17:15:07',NULL,57),(5,'Emilio','Little','f','1979-10-27','96640 Hills Trace Apt. 587','1984-11-11 07:20:35','2019-03-04 21:29:08',95),(6,'Reba','Gerhold','m','2015-04-18','61631 Torphy Rue Apt. 094','1985-01-08 09:00:02',NULL,68),(7,'Beau','Adams','f','1990-05-14','99733 Alyce Forges Suite 950','1999-12-16 03:49:09','2005-05-19 05:11:32',34),(8,'Marianna','Kessler','m','1983-06-09','77936 Elissa Locks Suite 917','2012-04-27 05:51:06',NULL,24),(9,'Myles','Casper','f','2004-10-15','034 Zita Land Apt. 986','1980-09-18 02:47:13','1991-09-24 17:41:49',70),(10,'Frankie','Hilpert','f','2010-10-21','31869 Schultz Forge Suite 520','2005-04-02 04:29:22',NULL,34),(11,'Abner','Goodwin','f','2003-03-02','22046 Lenora Turnpike','2014-08-28 08:00:27',NULL,16),(12,'Gideon','Bosco','m','2000-04-19','5380 Hauck Fort Suite 890','1983-05-30 14:11:28','1994-10-12 19:10:26',69),(13,'Reece','Kiehn','f','1980-09-14','829 Botsford Ports','1971-06-01 08:31:51',NULL,74),(14,'Ben','Buckridge','m','1984-06-01','9765 Mitchell Way','1972-04-14 04:56:15','1979-03-05 21:29:03',39),(15,'Bernita','Doyle','m','1992-05-15','76680 Towne Center','2016-09-20 23:51:20','1990-09-03 00:25:24',55),(16,'Minnie','Ziemann','f','1998-08-13','0600 Rollin Drive','2001-11-28 02:56:42','1981-09-16 11:23:07',19),(17,'Stephon','McGlynn','m','1997-12-28','587 Agustin Falls','2018-07-05 19:57:56',NULL,87),(18,'Kurt','Hyatt','f','1982-02-13','20618 Abe Stravenue','2011-11-16 11:49:20','1987-01-17 09:39:02',4),(19,'Zachariah','Gutkowski','m','2005-04-21','31002 Goodwin Flat','2001-07-08 15:42:18',NULL,25),(20,'Elsa','Corwin','m','2020-04-02','54681 Misael Underpass','2011-11-06 13:46:35','1981-09-11 04:23:36',31),(21,'Paolo','Baumbach','m','2001-12-18','336 Laurie Stream Suite 108','2011-04-14 22:54:14',NULL,7),(22,'Janessa','Wilderman','m','1984-12-08','3710 Jeanne Roads','2007-03-19 10:28:55','1986-04-28 13:21:18',4),(23,'Lilly','Mertz','f','1996-01-14','950 Howell Shoal Apt. 172','1989-11-07 03:33:15','1986-07-02 07:16:31',67),(24,'Mark','Stiedemann','m','1993-08-03','15265 Goyette Branch','2020-11-02 01:53:34',NULL,31),(25,'Jackson','Rau','m','2007-03-13','83279 Miles Cove Apt. 631','1995-08-19 18:51:19',NULL,55),(26,'Raven','Brown','m','1977-02-24','57787 Stella Plains Suite 277','1989-03-25 03:03:09','2015-08-25 22:00:06',78),(27,'Delfina','Halvorson','f','2015-07-20','2705 Assunta Forges','1973-09-05 02:41:41','1984-02-01 01:11:39',77),(28,'Carlotta','Murazik','f','1975-12-26','9045 Okey Manors Suite 249','2017-06-12 08:36:38',NULL,57),(29,'Keenan','Cummings','m','2010-07-05','231 Stehr Harbor','2008-05-25 06:35:48','1996-07-15 06:04:23',68),(30,'Jack','Breitenberg','m','1991-05-29','992 Lina Forge Apt. 030','2018-06-07 05:20:18',NULL,38),(31,'Trenton','Klocko','f','2010-07-28','669 Floy Club Apt. 505','2006-09-10 07:27:22','2002-12-20 10:19:34',66),(32,'Brianne','Kunde','f','1990-10-01','670 Camilla Harbors Apt. 392','1975-07-14 00:16:40',NULL,1),(33,'Candice','Howell','m','2017-02-13','6569 Willie Manors','2013-04-18 19:21:08','1980-02-06 18:16:50',17),(34,'Blanca','Lesch','m','2020-09-18','273 Krystal Port Suite 376','2016-01-26 06:15:07','1989-11-09 15:15:18',65),(35,'Fausto','Bogan','m','1987-12-23','6429 Merritt Mills','2001-04-14 17:39:04',NULL,58),(36,'Conrad','Schroeder','f','2010-04-05','23330 Earl Viaduct','2010-02-23 17:27:58','2018-05-14 02:39:03',12),(37,'Gisselle','Treutel','m','1999-10-29','096 Gardner Loaf','2006-12-19 05:54:19',NULL,32),(38,'Lauren','Brakus','m','1995-07-10','161 Ryann Gardens Suite 372','1982-12-09 15:59:38',NULL,91),(39,'Johanna','Trantow','m','2000-01-28','77999 Keara Ferry','1974-06-18 18:08:38',NULL,35),(40,'Daniela','Kreiger','f','2017-07-11','58473 Kerluke Ridge','2020-08-11 13:57:01','2005-07-30 17:14:50',2),(41,'Craig','Shields','m','1999-05-29','39794 Collins Oval Apt. 995','2020-10-10 23:55:35',NULL,25),(42,'Giovanna','Stroman','f','1975-01-06','4646 Leonor Bypass','1988-12-15 19:21:34',NULL,51),(43,'Tavares','Gaylord','f','1996-07-17','27930 Dell Stream','2015-08-16 03:33:28','1976-06-07 00:57:13',70),(44,'Rene','Feeney','m','2005-02-15','842 Xavier Unions Suite 552','2007-03-10 14:37:27',NULL,98),(45,'Skye','Harvey','m','1972-07-08','4168 Claude Rapid Suite 267','2006-03-21 01:44:31','1994-01-08 08:30:14',89),(46,'Joannie','Dibbert','m','2011-12-11','066 Kassandra Circles','1976-07-27 08:55:02','1977-04-03 23:39:10',24),(47,'Zoe','Conn','f','1988-11-21','33712 Pattie Mountains','1972-03-12 03:19:41',NULL,16),(48,'Geovanni','Dibbert','f','1995-01-03','1519 Carleton Field','1971-09-23 17:15:34','1999-05-31 13:01:40',76),(49,'Arvilla','Langosh','f','2004-03-08','33902 Reba Spring','1979-05-10 09:36:17',NULL,28),(50,'Wanda','Bosco','f','1986-03-16','7004 Mohr Lodge','2020-09-22 16:02:55',NULL,40),(51,'Mathilde','Parisian','m','1974-10-22','73890 Huels Shoals Apt. 838','2019-09-15 09:08:29',NULL,6),(52,'Delmer','Franecki','f','2017-04-01','7371 Caitlyn Orchard','1975-03-12 17:31:43',NULL,34),(53,'Austen','Spinka','f','2016-08-25','45004 Rosemary Green Apt. 664','2003-11-30 16:29:55',NULL,44),(54,'Rafael','Buckridge','f','2010-02-23','50157 Hackett Fall Suite 668','1984-04-22 02:42:23',NULL,72),(55,'Carolanne','Walter','f','1975-05-19','47076 Hahn Points','2007-09-28 12:37:21',NULL,65),(56,'Meaghan','Kulas','m','1996-09-28','82361 Vilma Cliffs','2005-04-21 10:30:28','2019-06-03 12:06:09',98),(57,'Hazle','Osinski','f','1987-02-24','56008 Spinka Views','1988-10-17 20:13:15','1995-03-10 10:18:05',49),(58,'Grover','Bahringer','m','1978-02-17','2350 Kertzmann Centers','1996-04-09 12:10:39',NULL,41),(59,'Brown','Senger','m','1978-05-29','012 Olson Haven','2007-01-06 16:39:11','1975-05-13 00:56:00',54),(60,'Junior','Sipes','f','1984-07-08','078 Hirthe Oval Suite 841','2013-09-15 10:20:59','2014-05-21 01:41:58',17),(61,'Daisha','Prohaska','m','1979-04-04','752 Maryjane Turnpike','2015-04-18 08:35:07',NULL,78),(62,'Chelsie','Mueller','m','1980-08-25','50470 Alta Flat','2010-09-22 02:41:59',NULL,20),(63,'Devonte','Daugherty','m','2012-03-12','19246 Pacocha Fords','1987-11-10 05:35:20',NULL,17),(64,'Titus','Jones','f','1971-08-01','44511 Klein Stravenue','1995-07-04 02:19:10','1986-05-05 16:23:47',95),(65,'Else','Nicolas','f','1989-05-10','90567 Horace Roads','1976-08-21 06:52:39',NULL,84),(66,'Emilie','Hammes','f','1995-12-30','5124 Franco Oval Suite 157','2009-08-29 19:34:47','1980-11-27 21:57:22',75),(67,'Aisha','Mertz','m','1997-11-28','1957 Buford Radial','1984-10-04 22:47:30','2007-06-17 07:27:49',6),(68,'Bailey','Beahan','m','1986-03-14','162 Thiel Row','1980-11-06 14:53:07',NULL,15),(69,'Kobe','Schowalter','m','1991-11-07','98548 Glover Mill','1990-09-26 06:12:01','1996-10-28 02:46:09',65),(70,'Fritz','Pouros','f','2011-01-31','15613 VonRueden Street','2005-04-15 11:19:04',NULL,41),(71,'Mathilde','Bartell','f','2015-02-24','489 Leonardo Bridge','1979-03-20 15:53:22','2003-10-23 13:58:38',16),(72,'Esteban','Medhurst','f','1986-12-12','95128 Jalen Extensions Apt. 501','1978-02-28 10:34:40',NULL,89),(73,'Waldo','Thompson','f','1998-07-20','697 Adella Crossroad Suite 842','1980-11-18 04:53:05',NULL,91),(74,'Christina','Hoppe','f','1974-03-25','946 Peter Prairie Suite 127','1973-02-09 08:35:35',NULL,85),(75,'Nathaniel','Stokes','f','1996-09-24','70310 Harvey Forest','1973-07-15 12:54:33',NULL,86),(76,'Maritza','Wisozk','m','1999-09-09','261 Romaine Branch','2011-12-26 18:32:26','2011-08-17 21:38:09',79),(77,'Rupert','Olson','f','1988-11-06','7495 Lacy Lakes Suite 767','1985-08-07 12:51:34','1998-09-16 22:09:41',9),(78,'Llewellyn','Ullrich','m','2013-03-11','90908 Mueller Circles','2013-02-11 23:25:21',NULL,2),(79,'Lauretta','Orn','f','2009-08-14','19485 Von Ridges','1986-04-29 16:00:25',NULL,55),(80,'Warren','Daniel','f','2020-04-09','388 Erdman Plains Suite 609','1990-03-18 01:35:36',NULL,36),(81,'Shanna','Schultz','m','1996-02-25','376 Rippin Ramp Suite 606','2009-06-20 09:28:30',NULL,42),(82,'Norwood','Conroy','m','1985-01-31','9009 Nader Creek Suite 763','1976-04-13 07:19:19','1973-04-20 06:42:09',60),(83,'Ruth','Boehm','f','1989-11-14','85771 Ruecker Ports','2004-03-05 13:59:00',NULL,70),(84,'Terrance','Graham','m','2001-10-14','08159 Mante Radial Suite 492','1992-01-13 15:26:54','1979-10-28 11:44:21',85),(85,'Seth','Zemlak','m','1983-08-24','03460 Kertzmann Throughway Apt. 662','2009-08-11 00:55:23','1975-12-19 12:10:25',32),(86,'Rosalyn','Pacocha','f','1993-05-18','2831 Clifton Villages Suite 927','1986-12-04 19:05:56','2016-01-03 05:34:04',34),(87,'Elvis','Price','m','1987-12-08','32907 Bechtelar Mountains Apt. 455','1973-12-24 16:57:24',NULL,83),(88,'Merritt','Kulas','m','1996-01-09','2351 Bailey Trafficway Apt. 781','2000-08-19 07:07:35','1981-12-11 10:04:54',81),(89,'Jonatan','Schiller','f','1986-08-26','90646 Kertzmann Plains','1979-12-04 19:43:59',NULL,74),(90,'Shaina','Schumm','f','1989-12-21','603 Runte Extensions','2019-02-25 22:33:28','2016-05-03 12:55:27',37),(91,'Mathilde','Rosenbaum','f','1988-03-27','1543 Langworth Groves','2018-12-14 04:00:05','2015-07-20 02:01:58',97),(92,'Name','Bins','m','1986-12-30','4996 Wolf Well Apt. 775','1975-04-04 09:41:59',NULL,52),(93,'Baron','Strosin','f','2002-03-09','17039 Upton Tunnel','1982-12-08 08:17:35',NULL,56),(94,'Winfield','Lehner','f','1986-03-01','89791 Beier Forge','2016-05-23 13:53:22','2011-12-24 13:21:16',14),(95,'Lexie','Brakus','m','2001-10-19','342 Helmer Center','1975-04-01 07:37:35','1977-04-26 23:27:34',47),(96,'Eladio','Barton','m','1987-03-19','06321 Stanton Village Suite 278','1982-07-26 11:46:36',NULL,39),(97,'Brian','Littel','f','1994-02-20','15935 Kassulke Mountain','1997-10-01 18:46:30','1982-08-26 08:19:38',88),(98,'Renee','Beer','f','1977-11-09','398 Taryn Field Suite 205','2018-02-01 21:40:50','2008-08-27 05:48:30',52),(99,'Bernadette','Flatley','f','1983-08-11','963 Dale Estates Apt. 145','2013-08-03 01:03:29','1980-09-14 19:56:18',53),(100,'Dewayne','Kiehn','m','1987-12-02','628 Reinger Station Suite 705','1976-09-02 05:24:27','2015-06-25 03:22:20',53);
/*!40000 ALTER TABLE `profiles` ENABLE KEYS */;
UNLOCK TABLES;

--
-- Table structure for table `user_communities`
--

DROP TABLE IF EXISTS `user_communities`;
/*!40101 SET @saved_cs_client     = @@character_set_client */;
/*!50503 SET character_set_client = utf8mb4 */;
CREATE TABLE `user_communities` (
  `communites_id` int unsigned NOT NULL,
  `users_id` int unsigned NOT NULL,
  PRIMARY KEY (`communites_id`,`users_id`),
  KEY `fk_user_communities_communites1_idx` (`communites_id`),
  KEY `fk_user_communities_users1_idx` (`users_id`),
  CONSTRAINT `fk_user_coomunities_communites1` FOREIGN KEY (`communites_id`) REFERENCES `communites` (`id`),
  CONSTRAINT `fk_user_coomunities_users1` FOREIGN KEY (`users_id`) REFERENCES `users` (`id`)
) ENGINE=InnoDB DEFAULT CHARSET=utf8mb4 COLLATE=utf8mb4_unicode_ci;
/*!40101 SET character_set_client = @saved_cs_client */;

--
-- Dumping data for table `user_communities`
--

LOCK TABLES `user_communities` WRITE;
/*!40000 ALTER TABLE `user_communities` DISABLE KEYS */;
INSERT INTO `user_communities` VALUES (1,6),(1,40),(1,73),(1,79),(1,99),(2,31),(2,36),(2,47),(2,52),(2,59),(2,77),(2,88),(2,98),(3,6),(3,28),(3,30),(3,32),(3,34),(3,47),(3,53),(3,58),(3,78),(3,81),(3,82),(4,12),(4,21),(4,24),(4,37),(4,62),(4,87),(4,100),(5,7),(5,14),(5,27),(5,56),(5,64),(5,93),(5,95),(5,97),(6,2),(6,8),(6,12),(6,15),(6,30),(6,53),(6,72),(6,83),(6,95),(7,25),(7,28),(7,42),(7,49),(7,53),(7,62),(7,72),(7,80),(7,96),(8,8),(8,18),(8,23),(8,24),(8,26),(8,32),(8,34),(8,45),(8,46),(8,51),(8,55),(8,73),(8,83),(8,86),(8,87),(8,95),(8,96),(9,17),(9,20),(9,35),(9,46),(9,55),(9,64),(9,69),(9,72),(9,80),(10,3),(10,15),(10,17),(10,23),(10,42),(10,47),(10,51),(10,54),(10,65),(10,73),(10,82),(10,97);
/*!40000 ALTER TABLE `user_communities` ENABLE KEYS */;
UNLOCK TABLES;

--
-- Table structure for table `users`
--

DROP TABLE IF EXISTS `users`;
/*!40101 SET @saved_cs_client     = @@character_set_client */;
/*!50503 SET character_set_client = utf8mb4 */;
CREATE TABLE `users` (
  `id` int unsigned NOT NULL AUTO_INCREMENT,
  `email` varchar(145) CHARACTER SET utf8mb4 COLLATE utf8mb4_unicode_ci NOT NULL,
  `phone` bigint NOT NULL,
  `password_hash` char(65) CHARACTER SET utf8mb4 COLLATE utf8mb4_unicode_ci DEFAULT NULL,
  PRIMARY KEY (`id`),
  UNIQUE KEY `email_UNIQUE` (`email`),
  UNIQUE KEY `phone_UNIQUE` (`phone`)
) ENGINE=InnoDB AUTO_INCREMENT=101 DEFAULT CHARSET=utf8mb4 COLLATE=utf8mb4_unicode_ci;
/*!40101 SET character_set_client = @saved_cs_client */;

--
-- Dumping data for table `users`
--

LOCK TABLES `users` WRITE;
/*!40000 ALTER TABLE `users` DISABLE KEYS */;
INSERT INTO `users` VALUES (1,'mae.franecki@example.net',79857869994,'b571715dea8981c14bcb84c68d5973813d6680eb'),(2,'oscar42@example.org',79731200289,'8cc6d0457edd23d025ddec145db8ec0c0ceab716'),(3,'joseph.heaney@example.com',79146798580,'d9f152cb8130d97486554f3a3558597674c6f9de'),(4,'dhahn@example.net',79028933985,'dc0cf986ecd645e62bb2e9aecae7b150d5646331'),(5,'tromp.dana@example.com',79418822859,'7c88f5d5144fefd96c3d51fb938154780c2eff26'),(6,'strosin.lizeth@example.org',79712639473,'ba33171426a260ca3b6fcfff17c7080bede04ce7'),(7,'rosalia.fay@example.net',79489504099,'eec5aaa868e9f18542db2d886a32d030fa086c2b'),(8,'tyshawn.nolan@example.org',79520821006,'823f05024bf4cd7424eb4309ad2f7a618efa997f'),(9,'ekiehn@example.com',79908734286,'4ba4b61de313951a94595721ecd2b5cea433554f'),(10,'otilia57@example.net',79923513144,'e94e6883aa8c3ed7f0a99d9ef2fed496e638647d'),(11,'miles.spencer@example.org',79801034531,'fdfb0e680e37a5542003f5ea71f2e2d52e6e1389'),(12,'tdavis@example.net',79180412448,'0ec9adc6dbc77de9e0c04ece6f4dcba6ddf9ec78'),(13,'thad14@example.com',79482303588,'d96545cf8e6cd8fa5f97c1922b4e76f22afe33d9'),(14,'oschmidt@example.com',79578190735,'76b7556df64865b4a405b2580e12601280690fe4'),(15,'brielle.gottlieb@example.com',79834951951,'040801dd2844408c5a683517a79ca0a51ea7e527'),(16,'filiberto.mccullough@example.org',79353355064,'05f1c0d77a1426504192928fee8f5887da80bf4a'),(17,'ikihn@example.org',79784111879,'3e3c8361edfba79a3239a9ec7eb6523240c3a5b3'),(18,'freddie.greenfelder@example.com',79713145086,'b2e8377cf2baab3982a31cfa7fe1cd34faa43a88'),(19,'jailyn.turcotte@example.com',79477818276,'c3c7e9097ed7ae5e0a6d760b5cbc974be1b2dcfa'),(20,'hattie.mills@example.net',79224388494,'57d5c2889fd786739e6050e5087a799af3d8bbdb'),(21,'olen19@example.net',79241487838,'d383fe15aaeb9f7fa1d69aef34c37e123ae57fa6'),(22,'providenci.ledner@example.com',79200096800,'a093d2e71b1f7c81f11e6defad574f73384a1a62'),(23,'pankunding@example.net',79947602969,'b12b7dc973858914d9e81c5e56c239e5611e4fb9'),(24,'owolf@example.com',79319161850,'e6e9dd937c9ec5c04d7cb12668040952efbd41a5'),(25,'estrosin@example.net',79388551627,'b107aec7863c0ced06c7b83629dadc80ed3217a9'),(26,'hodkiewicz.jammie@example.net',79828367766,'50ab61aec7f8a71fa770eae572726ccbbb6f758d'),(27,'xkohler@example.org',79735887694,'9cba90d9dab0a564b494bd400b0b1ce810a8312b'),(28,'madyson.huel@example.net',79028748482,'03cc28ce5f25633752f79e402ed77c27d0145cfb'),(29,'helmer32@example.com',79811048715,'0310c6730e194a80cec1438b2dfb48f1a0c4a3fb'),(30,'kathryne.lindgren@example.com',79632036655,'57864e63aa04dd18ffe6647fdd2218bca186b67f'),(31,'zoie.nolan@example.com',79249542260,'d15dbdda444693e1a859ea24430b98fac083dc2f'),(32,'abigale79@example.net',79425661316,'088fe772f9bdaedde89ec10af81c2e1ff444a09b'),(33,'hans.marvin@example.net',79502200332,'3d65448fd3482338347c0447819cff950d246c31'),(34,'spencer.dexter@example.net',79424349114,'25c2b87ac60e702eadaa6306d969c20d391028ac'),(35,'bins.isabella@example.org',79704589429,'3f8a497464db7de4649916fec47c4fab41c8f821'),(36,'paxton44@example.net',79995142063,'2178209cf95c4f76086214c051e8c7019a527f5e'),(37,'robel.jose@example.net',79415713427,'bd65d1f26121784e819311b91f63069196a29204'),(38,'fernando.parker@example.com',79392814993,'7b4f8cd6292f067d7a0410a662ac2e66fa802358'),(39,'lgreenholt@example.com',79750394296,'8d38a7264cf92831f836f1a6d4552c5e834a4baf'),(40,'maxime35@example.net',79288927260,'9b97bf8b3a8045722e54bb846a90ad614877b58a'),(41,'dibbert.velma@example.net',79191507830,'5d4b3f187ac76849e762d0b52fab7904268e946f'),(42,'carlo.durgan@example.org',79095513953,'e0ab9d39298c20b6b5434d150edcd97027dec72a'),(43,'sonia79@example.com',79558556554,'f16178674c77e68eae1518185c5eab51bac6726f'),(44,'christiansen.ethyl@example.net',79824540347,'66612622947de28146824411983ee871561b7229'),(45,'bartoletti.jalon@example.com',79663391196,'4f14db9e80cbc6de578c3cf28ef94b9b4a7a8337'),(46,'vkuhlman@example.com',79224925791,'9abf51bd1c3407813de8460f76d360fbd6de2df8'),(47,'merl51@example.com',79959911202,'a96b33367cb850ed46e648f7162a2c1c71881ded'),(48,'champlin.jamal@example.net',79323783097,'7eb1d6e52515300d90a393decc81e9ea88b84ab3'),(49,'lauretta.weimann@example.org',79056811169,'f2e801615d87097fb2c0c5596e38550c316396c8'),(50,'osipes@example.net',79385155369,'d0fe434cc890723be8170857f4fc725f851d45cd'),(51,'kzboncak@example.com',79793008390,'fbcb444b085a22fbfb7c2db4a796b3ccf9e5f99f'),(52,'hammes.heather@example.org',79526422940,'d01abef735fbaa1258a555c12192af415b3acfc5'),(53,'greenfelder.gertrude@example.com',79146056528,'5af4f66634689af8a0189c1f0b030d6df3309e2e'),(54,'holden12@example.net',79520222835,'488b745c46ba61daf36785919136704bc801f760'),(55,'gparisian@example.org',79367452062,'07a7963ca11b4c2ceb8ea559be997f2f14b8aca6'),(56,'terrence.reilly@example.org',79538836056,'2e622f7a1f46f5f54993906cf4684844564d11a7'),(57,'jturner@example.org',79964694176,'1c7864c07b795afcdd939e0f0185a108e699f597'),(58,'bosco.jamison@example.org',79347107888,'8a2bf5fd60d4fb040ffebf8c714d95a1b59fd2a9'),(59,'braxton83@example.net',79051485767,'3cd816580a4da5e004ce341cca53d86103e60096'),(60,'deshaun45@example.com',79391705386,'7a00ff0e00fecd35d593d62b46ac664d9fa4ea4c'),(61,'annamae.langosh@example.com',79990637939,'98c1561cf40b835b142c8de7653ce3cf9ba7c28b'),(62,'padberg.nicola@example.net',79513879196,'860902fe170393052ac8e834234ca9e9d48ce802'),(63,'toy66@example.org',79279372998,'d1d0919111d7ccf34fc65f01e1db6e72c23419da'),(64,'zboncak.joanny@example.com',79110609327,'0d3a03e0fe6620ea5cd75ab939b2acfeb8ab1ad5'),(65,'hiram.swift@example.net',79171717179,'f2bab109355abab3a2a01ba421952aa28b45c329'),(66,'crona.noemi@example.com',79611101612,'f495e15c4c4d493f3374858b6e03efaf23e272db'),(67,'nola.ziemann@example.org',79307674020,'9fe77bc9ba190194a7b0a1174aeb643b4a7650f9'),(68,'luella68@example.net',79286235757,'0a90d300919608dffb695e76e76169b06a470c0c'),(69,'valentina.konopelski@example.net',79136635951,'88bbbbcd5b92f9c0af7818e6ca578d54265e06bb'),(70,'goldner.santos@example.net',79706186093,'c7cf81df4bf36762bad29a68e7d87e70195aa571'),(71,'tina.boyer@example.com',79815383546,'17a09fc9bab7ecd5545b7e0595fb3e571b99bf06'),(72,'kuhic.oda@example.org',79583563594,'dd5ff4d775a94453acff4998518372ad878da9a9'),(73,'khahn@example.org',79420245451,'2caaad9ac2b915eb78d3740d8893c7787c633c95'),(74,'markus.franecki@example.net',79141679338,'ff672bacf1a69d04bcdc5c07394ab1c74f795b83'),(75,'sven.armstrong@example.net',79434512936,'cc635fd8e1ec5c833e34a30bead3ea6325fbb619'),(76,'itowne@example.net',79512232837,'a9c5e11dc2ca0038e9836815bfacd6b601f8c8c4'),(77,'mckenna48@example.net',79585507123,'ede68f8632473322ff2c06e011b4758c1529f469'),(78,'rozella81@example.org',79717233439,'d167d45c3df8c04b3f1e878ccd6c62ce515e6c47'),(79,'marc03@example.org',79116310922,'4c978f0d92857e1b00210e879982dc0d77db38ba'),(80,'kutch.matt@example.net',79209980951,'9d730b8c1d7b2a64bdabdd0d262d818210d3eb22'),(81,'rubie66@example.net',79737545268,'209d059685005f03804e7faf39f6aa73105890f7'),(82,'mertz.davion@example.net',79251783905,'f0225870a398aa1d59c2b669080e64e27ec745c8'),(83,'ubaumbach@example.org',79207807102,'a38ebe7b01a821a1e819ab558b693d579a44a53d'),(84,'rodolfo44@example.com',79535075595,'0914ae14bd8a822b681bb5941ac5162946cbd0e3'),(85,'nwuckert@example.org',79452311779,'08a9b3474ac3defa2b94df7c7091b70fdbb00997'),(86,'reba83@example.org',79679998524,'b3191c7a2fccdcd3e12614c0149c337d4fa85246'),(87,'cwilderman@example.com',79157595491,'f4f0f149ce86f8114a03a6fec77e9990811cb1f4'),(88,'kristian.hane@example.com',79604559598,'b44c933bba79b34c06f2479ebec691f00d419f16'),(89,'hillard.johns@example.net',79076482257,'43630b1e667615a56b6a787831b83d6195792cfa'),(90,'vbergstrom@example.org',79179474891,'530355e637fc9934c62f63d336875c92df10fdee'),(91,'yolanda.lemke@example.com',79107003372,'4c9254b32ef658ed582c1f68456bae2d48e436da'),(92,'ahermiston@example.com',79651741774,'08bf571568fa0ddb974c606ce096fee7aabf4f8f'),(93,'sporer.earl@example.net',79646385521,'4dc92c5e69e8c80fb9f98a4007b40c011d1d29d9'),(94,'louie02@example.org',79497174341,'edcbbb129ad05bedbb7ddd36c16d977991e5f6f3'),(95,'frami.daisy@example.com',79155312593,'26bdcf0db0533f1163d48efd2880c8ededc16d5c'),(96,'emmerich.jevon@example.org',79058234137,'ae7fb83b1cc32208884834ec911921ed733780c5'),(97,'kchristiansen@example.net',79770069304,'b4decc4b4ba6c3d73f59c1e4cdd6ec29972ce41a'),(98,'fgoldner@example.net',79335385413,'75578cea571b873067365892c874fa2f79a65681'),(99,'stracke.rosie@example.com',79691612969,'9d2719e15ae4d94d3e0ae620abecb4dabfdda809'),(100,'krutherford@example.net',79135592632,'2fc3ec50260cd9887754dbf1d66c86e13923c08e');
/*!40000 ALTER TABLE `users` ENABLE KEYS */;
UNLOCK TABLES;
/*!40103 SET TIME_ZONE=@OLD_TIME_ZONE */;

/*!40101 SET SQL_MODE=@OLD_SQL_MODE */;
/*!40014 SET FOREIGN_KEY_CHECKS=@OLD_FOREIGN_KEY_CHECKS */;
/*!40014 SET UNIQUE_CHECKS=@OLD_UNIQUE_CHECKS */;
/*!40101 SET CHARACTER_SET_CLIENT=@OLD_CHARACTER_SET_CLIENT */;
/*!40101 SET CHARACTER_SET_RESULTS=@OLD_CHARACTER_SET_RESULTS */;
/*!40101 SET COLLATION_CONNECTION=@OLD_COLLATION_CONNECTION */;
/*!40111 SET SQL_NOTES=@OLD_SQL_NOTES */;

-- Dump completed on 2021-02-03 14:37:23
